beat_id,is_complete_beat,beat_quality_reason,psv_local,psv_global,psv_value_px,next_psv_local,next_psv_global,first_valley_local,first_valley_global,first_valley_value_px,secondary_peak_local,secondary_peak_global,secondary_peak_value_px,cycle_length_px,time_to_valley_px,time_to_secondary_peak_px,valley_to_psv_ratio,secondary_to_psv_ratio,ri_proxy,recording_name,audio_beat_id,audio_beat_time_s,frame_time_s,frame_index,frame_path,extraction_baseline,extraction_direction,n_frame_peaks,slope_cm_s_per_px,baseline_y_global,calibration_status,cm_s_per_px,psv_cm_s,edv_proxy_cm_s,secondary_peak_cm_s,ri_calibrated
1,False,valley_too_late;missing_secondary_peak,56,66,103.30467473030245,225,235,207,217,9.98936907486104,,,,169,151,,0.09669813201522863,,0.9033018679847713,candidate_2,2,1.4026666666666667,1.4,42,D:\code\DopplerLab\beat_frames\candidate_2\candidate_2_beat_0002_t1.403s_frame_000042.png,146,above,3,-0.21977800811085518,376.0,PASS,0.21977800811085518,22.70409564076567,2.1954436375571356,,0.9033018679847713
2,False,valley_too_late;missing_secondary_peak,225,235,104.97025171624563,387,397,349,359,11.930218246993896,,,,162,124,,0.11365332607988332,,0.8863466739201168,candidate_2,2,1.4026666666666667,1.4,42,D:\code\DopplerLab\beat_frames\candidate_2\candidate_2_beat_0002_t1.403s_frame_000042.png,146,above,3,-0.21977800811085518,376.0,PASS,0.21977800811085518,23.07015283309154,2.621999602652097,,0.8863466739201167
1,False,valley_too_late;missing_secondary_peak,56,66,103.30467473030245,225,235,207,217,9.98936907486104,,,,169,151,,0.09669813201522863,,0.9033018679847713,candidate_2,3,2.3733333333333335,2.3666666666666667,71,D:\code\DopplerLab\beat_frames\candidate_2\candidate_2_beat_0003_t2.373s_frame_000071.png,146,above,3,-0.21977800811085518,376.0,PASS,0.21977800811085518,22.70409564076567,2.1954436375571356,,0.9033018679847713
2,False,valley_too_late;missing_secondary_peak,225,235,104.97025171624563,387,397,349,359,11.930218246993896,,,,162,124,,0.11365332607988332,,0.8863466739201168,candidate_2,3,2.3733333333333335,2.3666666666666667,71,D:\code\DopplerLab\beat_frames\candidate_2\candidate_2_beat_0003_t2.373s_frame_000071.png,146,above,3,-0.21977800811085518,376.0,PASS,0.21977800811085518,23.07015283309154,2.621999602652097,,0.8863466739201167
1,False,valley_too_late;missing_secondary_peak,56,66,103.30467473030245,225,235,207,217,9.98936907486104,,,,169,151,,0.09669813201522863,,0.9033018679847713,candidate_2,4,3.3493333333333335,3.3333333333333335,100,D:\code\DopplerLab\beat_frames\candidate_2\candidate_2_beat_0004_t3.349s_frame_000100.png,146,above,3,-0.21977800811085518,376.0,PASS,0.21977800811085518,22.70409564076567,2.1954436375571356,,0.9033018679847713
2,False,valley_too_late;missing_secondary_peak,225,235,104.97025171624563,387,397,349,359,11.930218246993896,,,,162,124,,0.11365332607988332,,0.8863466739201168,candidate_2,4,3.3493333333333335,3.3333333333333335,100,D:\code\DopplerLab\beat_frames\candidate_2\candidate_2_beat_0004_t3.349s_frame_000100.png,146,above,3,-0.21977800811085518,376.0,PASS,0.21977800811085518,23.07015283309154,2.621999602652097,,0.8863466739201167
1,False,valley_too_late;missing_secondary_peak,88,98,104.69009480222142,251,261,211,221,11.962124691168462,,,,163,123,,0.11426223955348484,,0.8857377604465152,candidate_2,5,4.298666666666667,4.3,129,D:\code\DopplerLab\beat_frames\candidate_2\candidate_2_beat_0005_t4.299s_frame_000129.png,146,above,3,-0.21977800811085518,376.0,PASS,0.21977800811085518,23.00858050456882,2.6290119373986833,,0.8857377604465152
2,True,ok,251,261,105.43085975808931,412,422,292,302,12.36862222445726,307.0,317.0,20.1966791928836,161,41,56.0,0.11731500864962133,0.19156325993380685,0.8826849913503787,candidate_2,5,4.298666666666667,4.3,129,D:\code\DopplerLab\beat_frames\candidate_2\candidate_2_beat_0005_t4.299s_frame_000129.png,146,above,3,-0.21977800811085518,376.0,PASS,0.21977800811085518,23.171384351047788,2.7183511555668716,4.438785923465912,0.8826849913503787
1,True,ok,95,105,105.56750572082223,256,266,136,146,12.36568008650368,151.0,161.0,20.115280042834563,161,41,56.0,0.11713528705703485,0.19054423902019887,0.8828647129429651,candidate_2,6,5.237333333333333,5.233333333333333,157,D:\code\DopplerLab\beat_frames\candidate_2\candidate_2_beat_0006_t5.237s_frame_000157.png,146,above,3,-0.21977800811085518,376.0,PASS,0.21977800811085518,23.201416128553618,2.717704538347846,4.420896180406218,0.8828647129429652
2,False,valley_too_late;missing_secondary_peak,256,266,109.0196142530223,414,424,397,407,9.799026551886993,,,,158,141,,0.08988315193580258,,0.9101168480641973,candidate_2,6,5.237333333333333,5.233333333333333,157,D:\code\DopplerLab\beat_frames\candidate_2\candidate_2_beat_0006_t5.237s_frame_000157.png,146,above,3,-0.21977800811085518,376.0,PASS,0.21977800811085518,23.960113665543037,2.1536105369991048,,0.9101168480641975
1,False,valley_too_late;missing_secondary_peak,102,112,111.02974828375118,259,269,243,253,10.250884127314398,,,,157,141,,0.09232556396612655,,0.9076744360338735,candidate_2,7,6.176,6.166666666666667,185,D:\code\DopplerLab\beat_frames\candidate_2\candidate_2_beat_0007_t6.176s_frame_000185.png,146,above,3,-0.21977800811085518,376.0,PASS,0.21977800811085518,24.401896918852476,2.2529188948763403,,0.9076744360338734
2,False,missing_secondary_peak,259,269,107.24681268388214,416,426,348,358,12.133917798448508,,,,157,89,,0.11314012505167982,,0.8868598749483202,candidate_2,7,6.176,6.166666666666667,185,D:\code\DopplerLab\beat_frames\candidate_2\candidate_2_beat_0007_t6.176s_frame_000185.png,146,above,3,-0.21977800811085518,376.0,PASS,0.21977800811085518,23.570490867901615,2.666768284323866,,0.8868598749483202
1,False,missing_secondary_peak,98,108,106.55933311539573,256,266,186,196,12.125703587030634,,,,158,88,,0.1137929755425497,,0.8862070244574504,candidate_2,8,7.125333333333334,7.133333333333334,214,D:\code\DopplerLab\beat_frames\candidate_2\candidate_2_beat_0008_t7.125s_frame_000214.png,146,above,3,-0.21977800811085518,376.0,PASS,0.21977800811085518,23.419397977722763,2.6649629813002442,,0.8862070244574503
2,False,valley_too_late;missing_secondary_peak,256,266,110.71624713958647,412,422,393,403,10.365759118292617,,,,156,137,,0.09362455272913917,,0.9063754472708608,candidate_2,8,7.125333333333334,7.133333333333334,214,D:\code\DopplerLab\beat_frames\candidate_2\candidate_2_beat_0008_t7.125s_frame_000214.png,146,above,3,-0.21977800811085518,376.0,PASS,0.21977800811085518,24.332996261847484,2.278165891575286,,0.906375447270861
1,False,valley_too_late;missing_secondary_peak,95,105,109.68878718535309,251,261,232,242,9.548358473824317,,,,156,137,,0.0870495400563543,,0.9129504599436457,candidate_2,9,8.085333333333333,8.1,243,D:\code\DopplerLab\beat_frames\candidate_2\candidate_2_beat_0009_t8.085s_frame_000243.png,146,above,3,-0.21977800811085518,376.0,PASS,0.21977800811085518,24.1071831596924,2.0985192061055136,,0.9129504599436457
2,False,valley_too_late;missing_secondary_peak,251,261,106.76757110166567,409,419,390,400,11.043190585158513,,,,158,139,,0.10343206716431737,,0.8965679328356826,candidate_2,9,8.085333333333333,8.1,243,D:\code\DopplerLab\beat_frames\candidate_2\candidate_2_beat_0009_t8.085s_frame_000243.png,146,above,3,-0.21977800811085518,376.0,PASS,0.21977800811085518,23.465164107558184,2.4270504299946873,,0.8965679328356827
1,False,valley_too_late;missing_secondary_peak,95,105,107.69892121608213,253,263,234,244,10.686218652220582,,,,158,139,,0.09922307978164653,,0.9007769202183535,candidate_2,10,9.034666666666666,9.033333333333333,271,D:\code\DopplerLab\beat_frames\candidate_2\candidate_2_beat_0010_t9.035s_frame_000271.png,146,above,3,-0.21977800811085518,376.0,PASS,0.21977800811085518,23.66985438055845,2.348595849622107,,0.9007769202183534
2,False,valley_too_late;missing_secondary_peak,253,263,106.941811049361,413,423,394,404,9.649885583524004,,,,160,141,,0.09023491830589926,,0.9097650816941006,candidate_2,10,9.034666666666666,9.033333333333333,271,D:\code\DopplerLab\beat_frames\candidate_2\candidate_2_beat_0010_t9.035s_frame_000271.png,146,above,3,-0.21977800811085518,376.0,PASS,0.21977800811085518,23.503458216196,2.120832632044563,,0.9097650816941006
1,False,valley_too_late;missing_secondary_peak,97,107,108.25237005557224,257,267,239,249,9.569467146126165,,,,160,142,,0.08839960862947943,,0.9116003913705206,candidate_2,11,9.973333333333333,9.966666666666667,299,D:\code\DopplerLab\beat_frames\candidate_2\candidate_2_beat_0011_t9.973s_frame_000299.png,146,above,3,-0.21977800811085518,376.0,PASS,0.21977800811085518,23.791490264092854,2.1031584280578786,,0.9116003913705206
2,False,valley_too_late;missing_secondary_peak,257,267,115.3344230140553,415,425,386,396,12.756905851585296,,,,158,129,,0.11060796523888335,,0.8893920347611166,candidate_2,11,9.973333333333333,9.966666666666667,299,D:\code\DopplerLab\beat_frames\candidate_2\candidate_2_beat_0011_t9.973s_frame_000299.png,146,above,3,-0.21977800811085518,376.0,PASS,0.21977800811085518,25.34796975664385,2.803687357719129,,0.8893920347611167
1,False,valley_too_late;missing_secondary_peak,101,111,115.3592677345522,259,269,230,240,12.739253023863819,,,,158,129,,0.11043111900794582,,0.8895688809920541,candidate_2,12,10.890666666666666,10.9,327,D:\code\DopplerLab\beat_frames\candidate_2\candidate_2_beat_0012_t10.891s_frame_000327.png,146,above,3,-0.21977800811085518,376.0,PASS,0.21977800811085518,25.35343007982673,2.799807654404979,,0.8895688809920541
2,False,valley_too_late;missing_secondary_peak,259,269,104.32298136645814,416,426,397,407,12.466165413533826,,,,157,138,,0.11949586994397325,,0.8805041300560267,candidate_2,12,10.890666666666666,10.9,327,D:\code\DopplerLab\beat_frames\candidate_2\candidate_2_beat_0012_t10.891s_frame_000327.png,146,above,3,-0.21977800811085518,376.0,PASS,0.21977800811085518,22.92789704490603,2.7397890033668997,,0.8805041300560268
1,False,missing_secondary_peak,110,120,104.08630271330344,266,276,183,193,12.78653154625674,,,,156,73,,0.12284547738693452,,0.8771545226130655,candidate_2,13,11.813333333333333,11.8,354,D:\code\DopplerLab\beat_frames\candidate_2\candidate_2_beat_0013_t11.813s_frame_000354.png,146,above,3,-0.21977800811085518,376.0,PASS,0.21977800811085518,22.875880281953332,2.8101984338829196,,0.8771545226130655
2,False,valley_too_late;missing_secondary_peak,266,276,102.07813010787689,419,429,401,411,9.974174566851955,,,,153,135,,0.09771118021373607,,0.902288819786264,candidate_2,13,11.813333333333333,11.8,354,D:\code\DopplerLab\beat_frames\candidate_2\candidate_2_beat_0013_t11.813s_frame_000354.png,146,above,3,-0.21977800811085518,376.0,PASS,0.21977800811085518,22.434528106789898,2.1921042188526747,,0.902288819786264
1,False,valley_too_late;missing_secondary_peak,110,120,102.2010460934931,263,273,245,255,9.971232428898375,,,,153,135,,0.09756487638861086,,0.9024351236113891,candidate_2,14,12.72,12.733333333333333,382,D:\code\DopplerLab\beat_frames\candidate_2\candidate_2_beat_0014_t12.720s_frame_000382.png,146,above,3,-0.21977800811085518,376.0,PASS,0.21977800811085518,22.461542337273613,2.1914576016336493,,0.9024351236113891
2,False,valley_too_late;missing_secondary_peak,263,273,108.18273945733743,417,427,398,408,10.958156260215766,,,,154,135,,0.10129301878639509,,0.8987069812136048,candidate_2,14,12.72,12.733333333333333,382,D:\code\DopplerLab\beat_frames\candidate_2\candidate_2_beat_0014_t12.720s_frame_000382.png,146,above,3,-0.21977800811085518,376.0,PASS,0.21977800811085518,23.776186989909238,2.4083617554377192,,0.8987069812136048
1,False,valley_too_late;missing_secondary_peak,119,129,108.64269369074705,273,283,254,264,11.056554429552149,,,,154,135,,0.10176988487624199,,0.898230115123758,candidate_2,15,13.616,13.6,408,D:\code\DopplerLab\beat_frames\candidate_2\candidate_2_beat_0015_t13.616s_frame_000408.png,146,above,3,-0.21977800811085518,376.0,PASS,0.21977800811085518,23.877274815150162,2.429987509096224,,0.8982301151237579
2,False,valley_too_late;missing_secondary_peak,273,283,100.56685191238815,425,435,407,417,12.62406015037591,,,,152,134,,0.12552903775265573,,0.8744709622473442,candidate_2,15,13.616,13.6,408,D:\code\DopplerLab\beat_frames\candidate_2\candidate_2_beat_0015_t13.616s_frame_000408.png,146,above,3,-0.21977800811085518,376.0,PASS,0.21977800811085518,22.102382395284014,2.7744907941212404,,0.8744709622473442
1,False,valley_too_late;missing_secondary_peak,129,139,101.71036286367939,280,290,263,273,12.04351788562315,,,,151,134,,0.11840993922875749,,0.8815900607712426,candidate_2,16,14.48,14.466666666666667,434,D:\code\DopplerLab\beat_frames\candidate_2\candidate_2_beat_0016_t14.480s_frame_000434.png,146,above,3,-0.21977800811085518,376.0,PASS,0.21977800811085518,22.353700954411753,2.646900371549714,,0.8815900607712425
2,False,valley_too_late;missing_secondary_peak,280,290,99.67505720823657,430,440,411,421,11.444360902255655,,,,150,131,,0.11481669760516536,,0.8851833023948347,candidate_2,16,14.48,14.466666666666667,434,D:\code\DopplerLab\beat_frames\candidate_2\candidate_2_beat_0016_t14.480s_frame_000434.png,146,above,3,-0.21977800811085518,376.0,PASS,0.21977800811085518,21.90638553156177,2.5152188431994973,,0.8851833023948346
1,False,valley_too_late;missing_secondary_peak,135,145,100.37593984962263,284,294,265,275,11.02992989720677,,,,149,130,,0.10988619298340985,,0.8901138070165902,candidate_2,17,15.344,15.333333333333334,460,D:\code\DopplerLab\beat_frames\candidate_2\candidate_2_beat_0017_t15.344s_frame_000460.png,146,above,3,-0.21977800811085518,376.0,PASS,0.21977800811085518,22.060424122405074,2.4241360224104738,,0.8901138070165903
2,False,valley_too_late;missing_secondary_peak,284,294,103.75514874141723,427,437,409,419,12.260297482837503,,,,143,125,,0.11816567786330402,,0.881834322136696,candidate_2,17,15.344,15.333333333333334,460,D:\code\DopplerLab\beat_frames\candidate_2\candidate_2_beat_0017_t15.344s_frame_000460.png,146,above,3,-0.21977800811085518,376.0,PASS,0.21977800811085518,22.803099921634182,2.6945437596245583,,0.881834322136696
1,False,valley_too_late;missing_secondary_peak,140,150,103.61752206603312,283,293,265,275,13.824307144673227,,,,143,125,,0.13341669313287868,,0.8665833068671213,candidate_2,18,16.202666666666666,16.2,486,D:\code\DopplerLab\beat_frames\candidate_2\candidate_2_beat_0018_t16.203s_frame_000486.png,146,above,3,-0.21977800811085518,376.0,PASS,0.21977800811085518,22.77285260505534,3.038278687768946,,0.8665833068671214
2,False,valley_too_late;missing_secondary_peak,283,293,102.61686825759908,428,438,409,419,13.400130761686771,,,,145,126,,0.13058409391376502,,0.869415906086235,candidate_2,18,16.202666666666666,16.2,486,D:\code\DopplerLab\beat_frames\candidate_2\candidate_2_beat_0018_t16.203s_frame_000486.png,146,above,3,-0.21977800811085518,376.0,PASS,0.21977800811085518,22.552930904229168,2.945054047228515,,0.8694159060862351
1,False,valley_too_late;missing_secondary_peak,138,148,102.41386073880206,283,293,264,274,13.167048054919853,,,,145,126,,0.12856705098249643,,0.8714329490175037,candidate_2,19,17.072,17.066666666666666,512,D:\code\DopplerLab\beat_frames\candidate_2\candidate_2_beat_0019_t17.072s_frame_000512.png,146,above,3,-0.21977800811085518,376.0,PASS,0.21977800811085518,22.508314316116433,2.893827594210195,,0.8714329490175037
2,False,valley_too_late;missing_secondary_peak,283,293,103.64923177508838,425,435,407,417,13.545930042497478,,,,142,124,,0.13069011521369694,,0.8693098847863031,candidate_2,19,17.072,17.066666666666666,512,D:\code\DopplerLab\beat_frames\candidate_2\candidate_2_beat_0019_t17.072s_frame_000512.png,146,above,3,-0.21977800811085518,376.0,PASS,0.21977800811085518,22.779821701749285,2.9770975227490877,,0.8693098847863031
1,False,valley_too_late;missing_secondary_peak,139,149,103.24517816279679,281,291,263,273,14.229486760379105,,,,142,124,,0.13782228878468375,,0.8621777112153163,candidate_2,20,17.946666666666665,17.933333333333334,538,D:\code\DopplerLab\beat_frames\candidate_2\candidate_2_beat_0020_t17.947s_frame_000538.png,146,above,3,-0.21977800811085518,376.0,PASS,0.21977800811085518,22.69101960366984,3.1273282566359053,,0.8621777112153162
2,False,valley_too_late;missing_secondary_peak,281,291,99.78195488721667,428,438,409,419,13.64988558352394,,,,147,128,,0.13679713530319562,,0.8632028646968044,candidate_2,20,17.946666666666665,17.933333333333334,538,D:\code\DopplerLab\beat_frames\candidate_2\candidate_2_beat_0020_t17.947s_frame_000538.png,146,above,3,-0.21977800811085518,376.0,PASS,0.21977800811085518,21.92987929051969,2.9999446644879697,,0.8632028646968044
1,False,valley_too_late;missing_secondary_peak,137,147,100.08434128800116,283,293,265,275,13.905851585485419,,,,146,128,,0.13894133094676772,,0.8610586690532323,candidate_2,21,18.816,18.8,564,D:\code\DopplerLab\beat_frames\candidate_2\candidate_2_beat_0021_t18.816s_frame_000564.png,146,above,3,-0.21977800811085518,376.0,PASS,0.21977800811085518,21.996337171363916,3.0562003625431626,,0.8610586690532323
2,False,valley_too_late;missing_secondary_peak,283,293,94.90912062765472,428,438,410,420,12.457012095455983,,,,145,127,,0.13125200205285906,,0.868747997947141,candidate_2,21,18.816,18.8,564,D:\code\DopplerLab\beat_frames\candidate_2\candidate_2_beat_0021_t18.816s_frame_000564.png,146,above,3,-0.21977800811085518,376.0,PASS,0.21977800811085518,20.85893748309883,2.737777305352146,,0.868747997947141
1,False,valley_too_late;missing_secondary_peak,138,148,94.88787185354559,284,294,266,276,12.36482510624383,,,,146,128,,0.1303098579903687,,0.8696901420096314,candidate_2,22,19.68,19.666666666666668,590,D:\code\DopplerLab\beat_frames\candidate_2\candidate_2_beat_0022_t19.680s_frame_000590.png,146,above,3,-0.21977800811085518,376.0,PASS,0.21977800811085518,20.85426746985033,2.717516632489362,,0.8696901420096314
2,False,valley_too_late;missing_secondary_peak,284,294,99.79993461915512,427,437,402,412,16.145799280810497,,,,143,118,,0.16178166190613463,,0.8382183380938654,candidate_2,22,19.68,19.666666666666668,590,D:\code\DopplerLab\beat_frames\candidate_2\candidate_2_beat_0022_t19.680s_frame_000590.png,146,above,3,-0.21977800811085518,376.0,PASS,0.21977800811085518,21.93383084019149,3.5484916052942093,,0.8382183380938654
1,False,valley_too_late;missing_secondary_peak,139,149,99.27590715920091,282,292,264,274,14.448367295049167,,,,143,125,,0.14553749956552361,,0.8544625004344764,candidate_2,23,20.549333333333333,20.533333333333335,616,D:\code\DopplerLab\beat_frames\candidate_2\candidate_2_beat_0023_t20.549s_frame_000616.png,146,above,3,-0.21977800811085518,376.0,PASS,0.21977800811085518,21.818661128847364,3.1754333845599305,,0.8544625004344764
2,False,valley_too_late;missing_secondary_peak,282,292,95.65021248773974,426,436,407,417,10.493952271984256,,,,144,125,,0.10971175075360497,,0.890288249246395,candidate_2,23,20.549333333333333,20.533333333333335,616,D:\code\DopplerLab\beat_frames\candidate_2\candidate_2_beat_0023_t20.549s_frame_000616.png,146,above,3,-0.21977800811085518,376.0,PASS,0.21977800811085518,21.021813175935485,2.306339927547083,,0.890288249246395
1,False,valley_too_late;missing_secondary_peak,132,142,96.38934292252232,276,286,258,268,10.580091533180772,,,,144,126,,0.10976412134778263,,0.8902358786522173,candidate_2,24,21.429333333333332,21.433333333333334,643,D:\code\DopplerLab\beat_frames\candidate_2\candidate_2_beat_0024_t21.429s_frame_000643.png,146,above,3,-0.21977800811085518,376.0,PASS,0.21977800811085518,21.184257790626113,2.325271442792994,,0.8902358786522173
2,False,valley_too_late;missing_secondary_peak,276,286,98.85714285714145,422,432,403,413,11.059905197776999,,,,146,127,,0.11187765373474001,,0.88812234626526,candidate_2,24,21.429333333333332,21.433333333333334,643,D:\code\DopplerLab\beat_frames\candidate_2\candidate_2_beat_0024_t21.429s_frame_000643.png,146,above,3,-0.21977800811085518,376.0,PASS,0.21977800811085518,21.726625944672804,2.4307239342623226,,0.8881223462652601
1,False,valley_too_late;missing_secondary_peak,138,148,98.74207257273476,284,294,265,275,11.059905197776999,,,,146,127,,0.11200803172963705,,0.887991968270363,candidate_2,25,22.272,22.266666666666666,668,D:\code\DopplerLab\beat_frames\candidate_2\candidate_2_beat_0025_t22.272s_frame_000668.png,146,above,3,-0.21977800811085518,376.0,PASS,0.21977800811085518,21.70133602677315,2.4307239342623226,,0.887991968270363
2,False,valley_too_late;missing_secondary_peak,284,294,97.25858123569654,429,439,410,420,10.200528495150905,,,,145,126,,0.10488049862079454,,0.8951195013792055,candidate_2,25,22.272,22.266666666666666,668,D:\code\DopplerLab\beat_frames\candidate_2\candidate_2_beat_0025_t22.272s_frame_000668.png,146,above,3,-0.21977800811085518,376.0,PASS,0.21977800811085518,21.37529725566918,2.241851834342285,,0.8951195013792055
1,False,valley_too_late;missing_secondary_peak,145,155,97.45766590388877,289,299,271,281,10.37103628636807,,,,144,126,,0.10641580824022427,,0.8935841917597758,candidate_2,26,23.098666666666666,23.1,693,D:\code\DopplerLab\beat_frames\candidate_2\candidate_2_beat_0026_t23.099s_frame_000693.png,146,above,3,-0.21977800811085518,376.0,PASS,0.21977800811085518,21.41905168748988,2.279325697063375,,0.8935841917597758
2,False,valley_too_late;missing_secondary_peak,289,299,98.11539718862235,430,440,412,422,11.193854200719212,,,,141,123,,0.1140886601029555,,0.8859113398970444,candidate_2,26,23.098666666666666,23.1,693,D:\code\DopplerLab\beat_frames\candidate_2\candidate_2_beat_0026_t23.099s_frame_000693.png,146,above,3,-0.21977800811085518,376.0,PASS,0.21977800811085518,21.56360655912082,2.4601629793173974,,0.8859113398970446
1,False,valley_too_late;missing_secondary_peak,2,12,93.92929953341856,146,156,127,137,11.895340357582894,,,,144,125,,0.12664142516415466,,0.8733585748358453,candidate_2,27,23.968,23.966666666666665,719,D:\code\DopplerLab\beat_frames\candidate_2\candidate_2_beat_0027_t23.968s_frame_000719.png,146,above,4,-0.21977800811085518,376.0,PASS,0.21977800811085518,20.64359435470261,2.614334209590236,,0.8733585748358453
2,False,valley_too_late;missing_secondary_peak,146,156,96.82870219025675,285,295,266,276,10.80648990898297,,,,139,120,,0.11160420066097258,,0.8883957993390275,candidate_2,27,23.968,23.966666666666665,719,D:\code\DopplerLab\beat_frames\candidate_2\candidate_2_beat_0027_t23.968s_frame_000719.png,146,above,4,-0.21977800811085518,376.0,PASS,0.21977800811085518,21.280819295333828,2.375028826866334,,0.8883957993390273
3,False,valley_too_late;missing_secondary_peak,285,295,94.97875122588938,426,436,409,419,11.511844829464975,,,,141,124,,0.121204423946217,,0.878795576053783,candidate_2,27,23.968,23.966666666666665,719,D:\code\DopplerLab\beat_frames\candidate_2\candidate_2_beat_0027_t23.968s_frame_000719.png,146,above,4,-0.21977800811085518,376.0,PASS,0.21977800811085518,20.874240757282415,2.5300503263010596,,0.8787955760537831
1,False,valley_too_late;missing_secondary_peak,1,11,96.69847543760594,141,151,122,132,12.351847008826368,,,,140,121,,0.12773569544843877,,0.8722643045515612,candidate_2,28,24.842666666666666,24.833333333333332,745,D:\code\DopplerLab\beat_frames\candidate_2\candidate_2_beat_0028_t24.843s_frame_000745.png,146,above,4,-0.21977800811085518,376.0,PASS,0.21977800811085518,21.25219831903349,2.714664332089884,,0.8722643045515611
2,False,valley_too_late;missing_secondary_peak,141,151,95.56292906178349,282,292,265,275,11.40592786313611,,,,141,124,,0.11935515136588093,,0.8806448486341191,candidate_2,28,24.842666666666666,24.833333333333332,745,D:\code\DopplerLab\beat_frames\candidate_2\candidate_2_beat_0028_t24.843s_frame_000745.png,146,above,4,-0.21977800811085518,376.0,PASS,0.21977800811085518,21.002630198437732,2.506772106416157,,0.8806448486341191
3,False,valley_too_late;missing_secondary_peak,282,292,102.4380516508649,429,439,408,418,11.938033489520835,,,,147,126,,0.11653905259940621,,0.8834609474005938,candidate_2,28,24.842666666666666,24.833333333333332,745,D:\code\DopplerLab\beat_frames\candidate_2\candidate_2_beat_0028_t24.843s_frame_000745.png,146,above,4,-0.21977800811085518,376.0,PASS,0.21977800811085518,22.51363094658399,2.623717221087571,,0.8834609474005938
1,False,valley_too_late;missing_secondary_peak,140,150,98.03170970905377,282,292,252,262,13.15277323744124,,,,142,112,,0.1341685590966135,,0.8658314409033865,candidate_2,30,26.613333333333333,26.6,798,D:\code\DopplerLab\beat_frames\candidate_2\candidate_2_beat_0030_t26.613s_frame_000798.png,146,above,3,-0.21977800811085518,376.0,PASS,0.21977800811085518,21.54521389155742,2.8906903032585998,,0.8658314409033866
2,True,ok,282,292,88.49231775089775,426,436,319,329,13.90748610657052,332.0,342.0,27.125858123569397,144,37,50.0,0.157160377985799,0.30653348011437076,0.842839622014201,candidate_2,30,26.613333333333333,26.6,798,D:\code\DopplerLab\beat_frames\candidate_2\candidate_2_beat_0030_t26.613s_frame_000798.png,146,above,3,-0.21977800811085518,376.0,PASS,0.21977800811085518,19.44866532840518,3.0565595943314614,5.961667066695742,0.842839622014201
1,False,valley_too_late;missing_secondary_peak,122,132,91.89016018306499,267,277,230,240,15.099415836377096,,,,145,108,,0.16432026896346472,,0.8356797310365354,candidate_2,33,29.333333333333332,29.333333333333332,880,D:\code\DopplerLab\beat_frames\candidate_2\candidate_2_beat_0033_t29.333s_frame_000880.png,146,above,3,-0.21977800811085518,376.0,PASS,0.21977800811085518,20.19543637002144,3.318519536156461,,0.8356797310365353
2,True,ok,267,277,88.5339980385734,420,430,304,314,16.137393879956562,317.0,327.0,21.987126908179217,153,37,50.0,0.18227341176804934,0.24834670742644696,0.8177265882319507,candidate_2,33,29.333333333333332,29.333333333333332,880,D:\code\DopplerLab\beat_frames\candidate_2\candidate_2_beat_0033_t29.333s_frame_000880.png,146,above,3,-0.21977800811085518,376.0,PASS,0.21977800811085518,19.457825739008022,3.5466442830371583,4.832286955960214,0.8177265882319507
1,True,ok,111,121,84.20398823144698,265,275,148,158,16.108150811811882,162.0,172.0,22.071646507572957,154,37,51.0,0.19129914330822753,0.26212115329865143,0.8087008566917725,candidate_2,34,30.256,30.266666666666666,908,D:\code\DopplerLab\beat_frames\candidate_2\candidate_2_beat_0034_t30.256s_frame_000908.png,146,above,3,-0.21977800811085518,376.0,PASS,0.21977800811085518,18.50618480849731,3.5402172997692705,4.850862505161298,0.8087008566917724
2,False,valley_too_late;missing_secondary_peak,265,275,89.38868911408824,420,430,399,409,13.5091533180777,,,,155,134,,0.15112821825629133,,0.8488717817437087,candidate_2,34,30.256,30.266666666666666,908,D:\code\DopplerLab\beat_frames\candidate_2\candidate_2_beat_0034_t30.256s_frame_000908.png,146,above,3,-0.21977800811085518,376.0,PASS,0.21977800811085518,19.645668041134797,2.9690148075112672,,0.8488717817437086
1,False,valley_too_late;missing_secondary_peak,117,127,97.10199411572265,272,282,252,262,12.423325394230908,,,,155,135,,0.12794099140152815,,0.8720590085984717,candidate_2,37,32.992,33.0,990,D:\code\DopplerLab\beat_frames\candidate_2\candidate_2_beat_0037_t32.992s_frame_000990.png,146,above,3,-0.21977800811085518,376.0,PASS,0.21977800811085518,21.340882850345505,2.7303737092570737,,0.8720590085984719
2,False,missing_secondary_peak,272,282,92.6425847226748,424,434,343,353,13.834782608695429,,,,152,71,,0.14933502395372272,,0.8506649760462772,candidate_2,37,32.992,33.0,990,D:\code\DopplerLab\beat_frames\candidate_2\candidate_2_beat_0037_t32.992s_frame_000990.png,146,above,3,-0.21977800811085518,376.0,PASS,0.21977800811085518,20.36080273659061,3.040580964385782,,0.8506649760462772
1,False,missing_secondary_peak,120,130,91.30974174566721,274,284,193,203,13.881911299988879,,,,154,73,,0.15203099948147206,,0.8479690005185279,candidate_2,38,33.888,33.9,1017,D:\code\DopplerLab\beat_frames\candidate_2\candidate_2_beat_0038_t33.888s_frame_001017.png,146,above,3,-0.21977800811085518,376.0,PASS,0.21977800811085518,20.06787316197934,3.050938814283128,,0.847969000518528
2,False,valley_too_late;missing_secondary_peak,274,284,87.99803857469627,423,433,385,395,14.089969725826641,,,,149,111,,0.16011686117147383,,0.839883138828526,candidate_2,38,33.888,33.9,1017,D:\code\DopplerLab\beat_frames\candidate_2\candidate_2_beat_0038_t33.888s_frame_001017.png,146,above,3,-0.21977800811085518,376.0,PASS,0.21977800811085518,19.340033635608943,3.0966654806844316,,0.8398831388285262
1,False,valley_too_late;missing_secondary_peak,103,113,136.08957175547366,246,256,228,238,11.500708292470375,,,,143,125,,0.08450837300843961,,0.9154916269915604,candidate_long_quality_test,1,0.672,0.6666666666666666,20,D:\code\DopplerLab\beat_frames\candidate_long_quality_test\candidate_long_quality_test_beat_0001_t0.672s_frame_000020.png,146,above,4,-0.21977800811085518,376.0,PASS,0.21977800811085518,29.909495005077297,2.5276027603831333,,0.9154916269915604
2,False,valley_too_late;missing_secondary_peak,246,256,136.92252370055374,383,393,343,353,11.164633993009112,,,,137,97,,0.08153979119918865,,0.9184602088008113,candidate_long_quality_test,1,0.672,0.6666666666666666,20,D:\code\DopplerLab\beat_frames\candidate_long_quality_test\candidate_long_quality_test_beat_0001_t0.672s_frame_000020.png,146,above,4,-0.21977800811085518,376.0,PASS,0.21977800811085518,30.092559524419062,2.453741020270286,,0.9184602088008114
3,False,valley_too_late;missing_secondary_peak,383,393,133.81006864988368,521,531,476,486,10.242889833278698,,,,138,93,,0.07654797532523051,,0.9234520246747695,candidate_long_quality_test,1,0.672,0.6666666666666666,20,D:\code\DopplerLab\beat_frames\candidate_long_quality_test\candidate_long_quality_test_beat_0001_t0.672s_frame_000020.png,146,above,4,-0.21977800811085518,376.0,PASS,0.21977800811085518,29.40851035304822,2.2511619248569215,,0.9234520246747694
1,False,valley_too_late;missing_secondary_peak,103,113,136.08957175547366,246,256,228,238,11.500708292470375,,,,143,125,,0.08450837300843961,,0.9154916269915604,candidate_long_quality_test,2,1.536,1.5333333333333334,46,D:\code\DopplerLab\beat_frames\candidate_long_quality_test\candidate_long_quality_test_beat_0002_t1.536s_frame_000046.png,146,above,4,-0.21977800811085518,376.0,PASS,0.21977800811085518,29.909495005077297,2.5276027603831333,,0.9154916269915604
2,False,valley_too_late;missing_secondary_peak,246,256,136.92252370055374,383,393,343,353,11.164633993009112,,,,137,97,,0.08153979119918865,,0.9184602088008113,candidate_long_quality_test,2,1.536,1.5333333333333334,46,D:\code\DopplerLab\beat_frames\candidate_long_quality_test\candidate_long_quality_test_beat_0002_t1.536s_frame_000046.png,146,above,4,-0.21977800811085518,376.0,PASS,0.21977800811085518,30.092559524419062,2.453741020270286,,0.9184602088008114
3,False,valley_too_late;missing_secondary_peak,383,393,133.81006864988368,521,531,476,486,10.242889833278698,,,,138,93,,0.07654797532523051,,0.9234520246747695,candidate_long_quality_test,2,1.536,1.5333333333333334,46,D:\code\DopplerLab\beat_frames\candidate_long_quality_test\candidate_long_quality_test_beat_0002_t1.536s_frame_000046.png,146,above,4,-0.21977800811085518,376.0,PASS,0.21977800811085518,29.40851035304822,2.2511619248569215,,0.9234520246747694
1,False,valley_too_late;missing_secondary_peak,103,113,136.08957175547366,246,256,228,238,11.500708292470375,,,,143,125,,0.08450837300843961,,0.9154916269915604,candidate_long_quality_test,3,2.3573333333333335,2.3666666666666667,71,D:\code\DopplerLab\beat_frames\candidate_long_quality_test\candidate_long_quality_test_beat_0003_t2.357s_frame_000071.png,146,above,4,-0.21977800811085518,376.0,PASS,0.21977800811085518,29.909495005077297,2.5276027603831333,,0.9154916269915604
2,False,valley_too_late;missing_secondary_peak,246,256,136.92252370055374,383,393,343,353,11.164633993009112,,,,137,97,,0.08153979119918865,,0.9184602088008113,candidate_long_quality_test,3,2.3573333333333335,2.3666666666666667,71,D:\code\DopplerLab\beat_frames\candidate_long_quality_test\candidate_long_quality_test_beat_0003_t2.357s_frame_000071.png,146,above,4,-0.21977800811085518,376.0,PASS,0.21977800811085518,30.092559524419062,2.453741020270286,,0.9184602088008114
3,False,valley_too_late;missing_secondary_peak,383,393,133.81006864988368,521,531,476,486,10.242889833278698,,,,138,93,,0.07654797532523051,,0.9234520246747695,candidate_long_quality_test,3,2.3573333333333335,2.3666666666666667,71,D:\code\DopplerLab\beat_frames\candidate_long_quality_test\candidate_long_quality_test_beat_0003_t2.357s_frame_000071.png,146,above,4,-0.21977800811085518,376.0,PASS,0.21977800811085518,29.40851035304822,2.2511619248569215,,0.9234520246747694
1,False,valley_too_late;missing_secondary_peak,103,113,136.08957175547366,246,256,228,238,11.500708292470375,,,,143,125,,0.08450837300843961,,0.9154916269915604,candidate_long_quality_test,4,3.1786666666666665,3.1666666666666665,95,D:\code\DopplerLab\beat_frames\candidate_long_quality_test\candidate_long_quality_test_beat_0004_t3.179s_frame_000095.png,146,above,4,-0.21977800811085518,376.0,PASS,0.21977800811085518,29.909495005077297,2.5276027603831333,,0.9154916269915604
2,False,valley_too_late;missing_secondary_peak,246,256,136.92252370055374,383,393,343,353,11.164633993009112,,,,137,97,,0.08153979119918865,,0.9184602088008113,candidate_long_quality_test,4,3.1786666666666665,3.1666666666666665,95,D:\code\DopplerLab\beat_frames\candidate_long_quality_test\candidate_long_quality_test_beat_0004_t3.179s_frame_000095.png,146,above,4,-0.21977800811085518,376.0,PASS,0.21977800811085518,30.092559524419062,2.453741020270286,,0.9184602088008114
3,False,valley_too_late;missing_secondary_peak,383,393,133.81006864988368,521,531,476,486,10.242889833278698,,,,138,93,,0.07654797532523051,,0.9234520246747695,candidate_long_quality_test,4,3.1786666666666665,3.1666666666666665,95,D:\code\DopplerLab\beat_frames\candidate_long_quality_test\candidate_long_quality_test_beat_0004_t3.179s_frame_000095.png,146,above,4,-0.21977800811085518,376.0,PASS,0.21977800811085518,29.40851035304822,2.2511619248569215,,0.9234520246747694
1,False,valley_too_late;missing_secondary_peak,16,26,135.79437724746452,160,170,141,151,9.645417892557585,,,,144,125,,0.07102958228513603,,0.928970417714864,candidate_long_quality_test,5,4.010666666666666,4.0,120,D:\code\DopplerLab\beat_frames\candidate_long_quality_test\candidate_long_quality_test_beat_0005_t4.011s_frame_000120.png,146,above,4,-0.21977800811085518,376.0,PASS,0.21977800811085518,29.844617744101786,2.119850731823109,,0.9289704177148639
2,False,valley_too_late;missing_secondary_peak,160,170,136.28309905197574,296,306,254,264,10.41913896271855,,,,136,94,,0.07645217224437266,,0.9235478277556274,candidate_long_quality_test,5,4.010666666666666,4.0,120,D:\code\DopplerLab\beat_frames\candidate_long_quality_test\candidate_long_quality_test_beat_0005_t4.011s_frame_000120.png,146,above,4,-0.21977800811085518,376.0,PASS,0.21977800811085518,29.952028048817603,2.289897607456485,,0.9235478277556273
3,False,valley_too_late;missing_secondary_peak,296,306,134.60902255638905,434,444,389,399,11.082543314808595,,,,138,93,,0.08233135568729064,,0.9176686443127094,candidate_long_quality_test,5,4.010666666666666,4.0,120,D:\code\DopplerLab\beat_frames\candidate_long_quality_test\candidate_long_quality_test_beat_0005_t4.011s_frame_000120.png,146,above,4,-0.21977800811085518,376.0,PASS,0.21977800811085518,29.584102851192362,2.4356992945309073,,0.9176686443127094
1,False,valley_too_late;missing_secondary_peak,20,30,136.89375612945207,157,167,114,124,10.290098071264966,,,,137,94,,0.07516849827346579,,0.9248315017265342,candidate_long_quality_test,6,4.848,4.833333333333333,145,D:\code\DopplerLab\beat_frames\candidate_long_quality_test\candidate_long_quality_test_beat_0006_t4.848s_frame_000145.png,146,above,4,-0.21977800811085518,376.0,PASS,0.21977800811085518,30.08623704494415,2.261537257367967,,0.9248315017265343
2,False,valley_too_late;missing_secondary_peak,157,167,133.821837201698,295,305,250,260,10.1806932790913,,,,138,93,,0.0760764722109354,,0.9239235277890646,candidate_long_quality_test,6,4.848,4.833333333333333,145,D:\code\DopplerLab\beat_frames\candidate_long_quality_test\candidate_long_quality_test_beat_0006_t4.848s_frame_000145.png,146,above,4,-0.21977800811085518,376.0,PASS,0.21977800811085518,29.411096821924325,2.2374924900662565,,0.9239235277890646
3,False,valley_too_late;missing_secondary_peak,295,305,136.37136319058305,434,444,414,424,7.967169476486305,,,,139,119,,0.05842259907127237,,0.9415774009287277,candidate_long_quality_test,6,4.848,4.833333333333333,145,D:\code\DopplerLab\beat_frames\candidate_long_quality_test\candidate_long_quality_test_beat_0006_t4.848s_frame_000145.png,146,above,4,-0.21977800811085518,376.0,PASS,0.21977800811085518,29.97142656538834,1.751008637823765,,0.9415774009287275
1,False,valley_too_late;missing_secondary_peak,18,28,134.74566851912198,156,166,111,121,10.242889833278698,,,,138,93,,0.07601646825348685,,0.9239835317465132,candidate_long_quality_test,7,5.669333333333333,5.666666666666667,170,D:\code\DopplerLab\beat_frames\candidate_long_quality_test\candidate_long_quality_test_beat_0007_t5.669s_frame_000170.png,146,above,4,-0.21977800811085518,376.0,PASS,0.21977800811085518,29.614134628698192,2.2511619248569215,,0.9239835317465133
2,False,missing_secondary_peak,156,166,136.18993135011235,295,305,235,245,10.435811395496238,,,,139,79,,0.07662689372144711,,0.9233731062785528,candidate_long_quality_test,7,5.669333333333333,5.666666666666667,170,D:\code\DopplerLab\beat_frames\candidate_long_quality_test\candidate_long_quality_test_beat_0007_t5.669s_frame_000170.png,146,above,4,-0.21977800811085518,376.0,PASS,0.21977800811085518,29.931551836881802,2.293561841522727,,0.9233731062785528
3,False,valley_too_late;missing_secondary_peak,295,305,134.90356325596395,435,445,415,425,10.406341941811053,,,,140,120,,0.07713911842392347,,0.9228608815760766,candidate_long_quality_test,7,5.669333333333333,5.666666666666667,170,D:\code\DopplerLab\beat_frames\candidate_long_quality_test\candidate_long_quality_test_beat_0007_t5.669s_frame_000170.png,146,above,4,-0.21977800811085518,376.0,PASS,0.21977800811085518,29.648836419452508,2.287085103691682,,0.9228608815760766
1,False,valley_too_late;missing_secondary_peak,17,27,136.0405361229139,156,166,136,146,7.705132396207973,,,,139,119,,0.05663850360929418,,0.9433614963907059,candidate_long_quality_test,8,6.501333333333333,6.5,195,D:\code\DopplerLab\beat_frames\candidate_long_quality_test\candidate_long_quality_test_beat_0008_t6.501s_frame_000195.png,146,above,4,-0.21977800811085518,376.0,PASS,0.21977800811085518,29.898718051426858,1.693418650269009,,0.9433614963907058
2,False,valley_too_late;missing_secondary_peak,156,166,134.66753841124347,295,305,276,286,10.651847008826417,,,,139,120,,0.07909736180294723,,0.9209026381970528,candidate_long_quality_test,8,6.501333333333333,6.5,195,D:\code\DopplerLab\beat_frames\candidate_long_quality_test\candidate_long_quality_test_beat_0008_t6.501s_frame_000195.png,146,above,4,-0.21977800811085518,376.0,PASS,0.21977800811085518,29.59696334921517,2.3410417183014407,,0.9209026381970528
3,False,valley_too_late;missing_secondary_peak,295,305,132.10526315789284,432,442,412,422,10.91108205295848,,,,137,117,,0.08259384820964706,,0.917406151790353,candidate_long_quality_test,8,6.501333333333333,6.5,195,D:\code\DopplerLab\beat_frames\candidate_long_quality_test\candidate_long_quality_test_beat_0008_t6.501s_frame_000195.png,146,above,4,-0.21977800811085518,376.0,PASS,0.21977800811085518,29.03383159780203,2.3980158799333156,,0.917406151790353
1,False,valley_too_late;missing_secondary_peak,5,15,134.62504416509006,145,155,126,136,10.79993461915659,,,,140,121,,0.08022232925630599,,0.919777670743694,candidate_long_quality_test,9,7.386666666666667,7.4,222,D:\code\DopplerLab\beat_frames\candidate_long_quality_test\candidate_long_quality_test_beat_0009_t7.387s_frame_000222.png,146,above,4,-0.21977800811085518,376.0,PASS,0.21977800811085518,29.5876240484394,2.373588118325703,,0.919777670743694
2,False,valley_too_late;missing_secondary_peak,145,155,132.18862373324424,282,292,262,272,11.039555410264787,,,,137,117,,0.08351365721563557,,0.9164863427843645,candidate_long_quality_test,9,7.386666666666667,7.4,222,D:\code\DopplerLab\beat_frames\candidate_long_quality_test\candidate_long_quality_test_beat_0009_t7.387s_frame_000222.png,146,above,4,-0.21977800811085518,376.0,PASS,0.21977800811085518,29.052152419007736,2.4262514984974097,,0.9164863427843644
3,False,valley_too_late;missing_secondary_peak,282,292,128.80712651193005,421,431,401,411,11.630598234717212,,,,139,119,,0.09029467972519356,,0.9097053202748064,candidate_long_quality_test,9,7.386666666666667,7.4,222,D:\code\DopplerLab\beat_frames\candidate_long_quality_test\candidate_long_quality_test_beat_0009_t7.387s_frame_000222.png,146,above,4,-0.21977800811085518,376.0,PASS,0.21977800811085518,28.30897369527491,2.5561497131637774,,0.9097053202748064
1,False,valley_too_late;missing_secondary_peak,2,12,130.65506652005516,138,148,118,128,11.039555410264787,,,,136,116,,0.08449389452930438,,0.9155061054706957,candidate_long_quality_test,10,8.256,8.266666666666667,248,D:\code\DopplerLab\beat_frames\candidate_long_quality_test\candidate_long_quality_test_beat_0010_t8.256s_frame_000248.png,146,above,4,-0.21977800811085518,376.0,PASS,0.21977800811085518,28.715110269369006,2.4262514984974097,,0.9155061054706956
2,False,valley_too_late;missing_secondary_peak,138,148,128.715593331152,277,287,257,267,11.656096763648236,,,,139,119,,0.09055699050899067,,0.9094430094910093,candidate_long_quality_test,10,8.256,8.266666666666667,248,D:\code\DopplerLab\beat_frames\candidate_long_quality_test\candidate_long_quality_test_beat_0010_t8.256s_frame_000248.png,146,above,4,-0.21977800811085518,376.0,PASS,0.21977800811085518,28.288856715127462,2.5617537290619947,,0.9094430094910093
3,False,valley_too_late;missing_secondary_peak,277,287,133.29977116704606,424,434,405,415,11.532853873815021,,,,147,128,,0.08651818208571792,,0.9134818179142822,candidate_long_quality_test,10,8.256,8.266666666666667,248,D:\code\DopplerLab\beat_frames\candidate_long_quality_test\candidate_long_quality_test_beat_0010_t8.256s_frame_000248.png,146,above,4,-0.21977800811085518,376.0,PASS,0.21977800811085518,29.296358188726188,2.5346676522206253,,0.9134818179142821
1,False,valley_too_late;missing_secondary_peak,137,147,133.31578947368232,285,295,266,276,11.745341614906874,,,,148,129,,0.08810165443475475,,0.9118983455652452,candidate_long_quality_test,11,9.104,9.1,273,D:\code\DopplerLab\beat_frames\candidate_long_quality_test\candidate_long_quality_test_beat_0011_t9.104s_frame_000273.png,146,above,3,-0.21977800811085518,376.0,PASS,0.21977800811085518,29.299878660252013,2.5813677847057677,,0.9118983455652452
2,False,valley_too_late;missing_secondary_peak,285,295,133.03988231447988,429,439,410,420,13.321673749591337,,,,144,125,,0.10013293395811598,,0.8998670660418839,candidate_long_quality_test,11,9.104,9.1,273,D:\code\DopplerLab\beat_frames\candidate_long_quality_test\candidate_long_quality_test_beat_0011_t9.104s_frame_000273.png,146,above,3,-0.21977800811085518,376.0,PASS,0.21977800811085518,29.23924033437898,2.9278109213878514,,0.899867066041884
1,False,valley_too_late;missing_secondary_peak,141,151,133.09872507355146,285,295,266,276,13.3559986923831,,,,144,125,,0.10034655617476775,,0.8996534438252323,candidate_long_quality_test,12,9.962666666666667,9.966666666666667,299,D:\code\DopplerLab\beat_frames\candidate_long_quality_test\candidate_long_quality_test_beat_0012_t9.963s_frame_000299.png,146,above,3,-0.21977800811085518,376.0,PASS,0.21977800811085518,29.25217267875948,2.935354788943144,,0.8996534438252323
2,False,valley_too_late;missing_secondary_peak,285,295,132.45864661653945,426,436,407,417,12.380516508662952,,,,141,122,,0.09346703159744543,,0.9065329684025546,candidate_long_quality_test,12,9.962666666666667,9.966666666666667,299,D:\code\DopplerLab\beat_frames\candidate_long_quality_test\candidate_long_quality_test_beat_0012_t9.963s_frame_000299.png,146,above,3,-0.21977800811085518,376.0,PASS,0.21977800811085518,29.11149751044271,2.7209652576575025,,0.9065329684025545
1,False,valley_too_late;missing_secondary_peak,140,150,132.00457665903699,282,292,261,271,12.881660673422612,,,,142,121,,0.09758495500270019,,0.9024150449972997,candidate_long_quality_test,13,10.832,10.833333333333334,325,D:\code\DopplerLab\beat_frames\candidate_long_quality_test\candidate_long_quality_test_beat_0013_t10.832s_frame_000325.png,146,above,3,-0.21977800811085518,376.0,PASS,0.21977800811085518,29.011702919639834,2.8311057239647592,,0.9024150449972999
2,False,valley_too_late;missing_secondary_peak,282,292,134.4707420725707,425,435,406,416,12.03530565544297,,,,143,124,,0.08950129574616164,,0.9104987042538384,candidate_long_quality_test,13,10.832,10.833333333333334,325,D:\code\DopplerLab\beat_frames\candidate_long_quality_test\candidate_long_quality_test_beat_0013_t10.832s_frame_000325.png,146,above,3,-0.21977800811085518,376.0,PASS,0.21977800811085518,29.553711841898156,2.6450955039585664,,0.9104987042538384
1,False,valley_too_late;missing_secondary_peak,1,11,131.77865612648228,142,152,123,133,12.181758744687809,,,,141,122,,0.09244106066004841,,0.9075589393399516,candidate_long_quality_test,14,11.653333333333334,11.666666666666666,350,D:\code\DopplerLab\beat_frames\candidate_long_quality_test\candidate_long_quality_test_beat_0014_t11.653s_frame_000350.png,146,above,4,-0.21977800811085518,376.0,PASS,0.21977800811085518,28.962050555003618,2.6772826721944782,,0.9075589393399516
2,False,valley_too_late;missing_secondary_peak,142,152,133.7616868257581,286,296,267,277,11.526315789473713,,,,144,125,,0.08617053255681675,,0.9138294674431833,candidate_long_quality_test,14,11.653333333333334,11.666666666666666,350,D:\code\DopplerLab\beat_frames\candidate_long_quality_test\candidate_long_quality_test_beat_0014_t11.653s_frame_000350.png,146,above,4,-0.21977800811085518,376.0,PASS,0.21977800811085518,29.39787709211313,2.533230725067232,,0.9138294674431833
3,False,valley_too_late;missing_secondary_peak,286,296,134.4684537430513,431,441,412,422,14.13860738803529,,,,145,126,,0.10514441859391059,,0.8948555814060893,candidate_long_quality_test,14,11.653333333333334,11.666666666666666,350,D:\code\DopplerLab\beat_frames\candidate_long_quality_test\candidate_long_quality_test_beat_0014_t11.653s_frame_000350.png,146,above,4,-0.21977800811085518,376.0,PASS,0.21977800811085518,29.553208917394482,3.1073549692038167,,0.8948555814060895
1,False,valley_too_late;missing_secondary_peak,3,13,134.63036048619577,147,157,128,138,11.985616214449184,,,,144,125,,0.0890261020706256,,0.9109738979293744,candidate_long_quality_test,15,12.490666666666666,12.5,375,D:\code\DopplerLab\beat_frames\candidate_long_quality_test\candidate_long_quality_test_beat_0015_t12.491s_frame_000375.png,146,above,4,-0.21977800811085518,376.0,PASS,0.21977800811085518,29.588792458902493,2.6341748575928103,,0.9109738979293743
2,False,valley_too_late;missing_secondary_peak,147,157,135.33834586465963,292,302,273,283,14.15429879045438,,,,145,126,,0.10458454106280338,,0.8954154589371967,candidate_long_quality_test,15,12.490666666666666,12.5,375,D:\code\DopplerLab\beat_frames\candidate_long_quality_test\candidate_long_quality_test_beat_0015_t12.491s_frame_000375.png,146,above,4,-0.21977800811085518,376.0,PASS,0.21977800811085518,29.744392075152888,3.1108035943719505,,0.8954154589371965
3,False,valley_too_late;missing_secondary_peak,292,302,131.88198757763783,429,439,410,420,14.658711997384719,,,,137,118,,0.11115022048598758,,0.8888497795140125,candidate_long_quality_test,15,12.490666666666666,12.5,375,D:\code\DopplerLab\beat_frames\candidate_long_quality_test\candidate_long_quality_test_beat_0015_t12.491s_frame_000375.png,146,above,4,-0.21977800811085518,376.0,PASS,0.21977800811085518,28.98476053551379,3.221662524255909,,0.8888497795140125
1,False,valley_too_late;missing_secondary_peak,8,18,134.17036497700116,153,163,134,144,13.984635501797962,,,,145,126,,0.10423043497120353,,0.8957695650287965,candidate_long_quality_test,16,13.349333333333334,13.333333333333334,400,D:\code\DopplerLab\beat_frames\candidate_long_quality_test\candidate_long_quality_test_beat_0016_t13.349s_frame_000400.png,146,above,4,-0.21977800811085518,376.0,PASS,0.21977800811085518,29.48769556215176,3.073515334741506,,0.8957695650287966
2,False,valley_too_late;missing_secondary_peak,153,163,133.0748610657058,290,300,271,281,14.504413206930332,,,,137,118,,0.10899438925409638,,0.8910056107459036,candidate_long_quality_test,16,13.349333333333334,13.333333333333334,400,D:\code\DopplerLab\beat_frames\candidate_long_quality_test\candidate_long_quality_test_beat_0016_t13.349s_frame_000400.png,146,above,4,-0.21977800811085518,376.0,PASS,0.21977800811085518,29.246927894649613,3.1877510434359295,,0.8910056107459036
3,False,valley_too_late;missing_secondary_peak,290,300,132.58123569793855,430,440,410,420,12.94638770840143,,,,140,120,,0.09764871808780952,,0.9023512819121905,candidate_long_quality_test,16,13.349333333333334,13.333333333333334,400,D:\code\DopplerLab\beat_frames\candidate_long_quality_test\candidate_long_quality_test_beat_0016_t13.349s_frame_000400.png,146,above,4,-0.21977800811085518,376.0,PASS,0.21977800811085518,29.13843989456874,2.8453313027833254,,0.9023512819121905
1,False,valley_too_late;missing_secondary_peak,15,25,133.53612291598364,152,162,133,143,14.47303040209215,,,,137,118,,0.1083828861138801,,0.8916171138861199,candidate_long_quality_test,17,14.176,14.166666666666666,425,D:\code\DopplerLab\beat_frames\candidate_long_quality_test\candidate_long_quality_test_beat_0017_t14.176s_frame_000425.png,146,above,4,-0.21977800811085518,376.0,PASS,0.21977800811085518,29.348303105321207,3.180853793099662,,0.89161711388612
2,False,valley_too_late;missing_secondary_peak,152,162,132.634194181103,291,301,272,282,12.93854200719188,,,,139,120,,0.09755057575518708,,0.9024494242448129,candidate_long_quality_test,17,14.176,14.166666666666666,425,D:\code\DopplerLab\beat_frames\candidate_long_quality_test\candidate_long_quality_test_beat_0017_t14.176s_frame_000425.png,146,above,4,-0.21977800811085518,376.0,PASS,0.21977800811085518,29.150079004511195,2.8436069901992576,,0.9024494242448129
3,False,valley_too_late;missing_secondary_peak,291,301,135.4697613599196,435,445,416,426,13.406668846028102,,,,144,125,,0.098964290712884,,0.9010357092871161,candidate_long_quality_test,17,14.176,14.166666666666666,425,D:\code\DopplerLab\beat_frames\candidate_long_quality_test\candidate_long_quality_test_beat_0017_t14.176s_frame_000425.png,146,above,4,-0.21977800811085518,376.0,PASS,0.21977800811085518,29.773274310936028,2.9464909743819137,,0.9010357092871161
1,False,valley_too_late;missing_secondary_peak,18,28,132.55181431840276,158,168,138,148,12.880026152337358,,,,140,120,,0.09716974617486746,,0.9028302538251325,candidate_long_quality_test,18,14.976,14.966666666666667,449,D:\code\DopplerLab\beat_frames\candidate_long_quality_test\candidate_long_quality_test_beat_0018_t14.976s_frame_000449.png,146,above,4,-0.21977800811085518,376.0,PASS,0.21977800811085518,29.131973722378493,2.8307464921764267,,0.9028302538251325
2,False,valley_too_late;missing_secondary_peak,158,168,135.6070611310865,301,311,282,292,13.431186662307931,,,,143,124,,0.09904489154384433,,0.9009551084561557,candidate_long_quality_test,18,14.976,14.966666666666667,449,D:\code\DopplerLab\beat_frames\candidate_long_quality_test\candidate_long_quality_test_beat_0018_t14.976s_frame_000449.png,146,above,4,-0.21977800811085518,376.0,PASS,0.21977800811085518,29.803449781157166,2.9518794512071227,,0.9009551084561557
3,True,ok,301,311,134.53906505393718,438,448,342,352,16.214122262176907,356.0,366.0,35.53514220333391,137,41,55.0,0.12051609140941041,0.26412508656194206,0.8794839085905896,candidate_long_quality_test,18,14.976,14.966666666666667,449,D:\code\DopplerLab\beat_frames\candidate_long_quality_test\candidate_long_quality_test_beat_0018_t14.976s_frame_000449.png,146,above,4,-0.21977800811085518,376.0,PASS,0.21977800811085518,29.56872773065108,3.563507494047114,7.809842771384713,0.8794839085905897
1,False,valley_too_late;missing_secondary_peak,19,29,135.4109186008479,162,172,143,153,13.168682576005235,,,,143,124,,0.09724978393228902,,0.902750216067711,candidate_long_quality_test,19,15.797333333333333,15.8,474,D:\code\DopplerLab\beat_frames\candidate_long_quality_test\candidate_long_quality_test_beat_0019_t15.797s_frame_000474.png,146,above,4,-0.21977800811085518,376.0,PASS,0.21977800811085518,29.7603419665555,2.8941868259985557,,0.902750216067711
2,True,ok,162,172,133.58385093167502,299,309,203,213,15.897221314154681,217.0,227.0,35.5243543641708,137,41,55.0,0.11900556244845595,0.2659330010057927,0.880994437551544,candidate_long_quality_test,19,15.797333333333333,15.8,474,D:\code\DopplerLab\beat_frames\candidate_long_quality_test\candidate_long_quality_test_beat_0019_t15.797s_frame_000474.png,146,above,4,-0.21977800811085518,376.0,PASS,0.21977800811085518,29.35879267354094,3.493859634922347,7.8074718415816236,0.880994437551544
3,True,ok,299,309,132.18862373324424,434,444,337,347,14.750572082379575,353.0,363.0,36.93298463550124,135,38,54.0,0.11158730355000995,0.2793960901660627,0.88841269644999,candidate_long_quality_test,19,15.797333333333333,15.8,474,D:\code\DopplerLab\beat_frames\candidate_long_quality_test\candidate_long_quality_test_beat_0019_t15.797s_frame_000474.png,146,above,4,-0.21977800811085518,376.0,PASS,0.21977800811085518,29.052152419007736,3.2418513507609723,8.117057796779282,0.8884126964499901
1,True,ok,29,39,133.95913697286494,166,176,70,80,15.615451672659646,84.0,94.0,35.65773128473306,137,41,55.0,0.11656876884644865,0.2661836444344664,0.8834312311535514,candidate_long_quality_test,20,16.613333333333333,16.6,498,D:\code\DopplerLab\beat_frames\candidate_long_quality_test\candidate_long_quality_test_beat_0020_t16.613s_frame_000498.png,146,above,4,-0.21977800811085518,376.0,PASS,0.21977800811085518,29.44127229214547,3.431932864368459,7.836785155510757,0.8834312311535514
2,False,valley_too_late;missing_secondary_peak,166,176,131.27459954233217,300,310,281,291,17.18404707420717,,,,134,115,,0.13090153871439406,,0.869098461285606,candidate_long_quality_test,20,16.613333333333333,16.6,498,D:\code\DopplerLab\beat_frames\candidate_long_quality_test\candidate_long_quality_test_beat_0020_t16.613s_frame_000498.png,146,above,4,-0.21977800811085518,376.0,PASS,0.21977800811085518,28.851270002963947,3.776675637252421,,0.869098461285606
3,False,valley_too_late;missing_secondary_peak,300,310,132.55279503105396,436,446,418,428,15.15952925792742,,,,136,118,,0.11436597209720024,,0.8856340279027998,candidate_long_quality_test,20,16.613333333333333,16.6,498,D:\code\DopplerLab\beat_frames\candidate_long_quality_test\candidate_long_quality_test_beat_0020_t16.613s_frame_000498.png,146,above,4,-0.21977800811085518,376.0,PASS,0.21977800811085518,29.1321892614515,3.331731144205519,,0.8856340279027998
1,True,ok,27,37,131.8437397842413,162,172,66,76,16.119755911517647,81.0,91.0,37.104282445242994,135,39,54.0,0.12226409792302,0.2814261982098137,0.87773590207698,candidate_long_quality_test,21,17.418666666666667,17.433333333333334,523,D:\code\DopplerLab\beat_frames\candidate_long_quality_test\candidate_long_quality_test_beat_0021_t17.419s_frame_000523.png,146,above,4,-0.21977800811085518,376.0,PASS,0.21977800811085518,28.976354511666468,3.542767845466531,8.154705288198077,0.8777359020769799
2,False,valley_too_late;missing_secondary_peak,162,172,133.79568486433269,297,307,279,289,14.9705786204642,,,,135,117,,0.11189134115681083,,0.8881086588431892,candidate_long_quality_test,21,17.418666666666667,17.433333333333334,523,D:\code\DopplerLab\beat_frames\candidate_long_quality_test\candidate_long_quality_test_beat_0021_t17.419s_frame_000523.png,146,above,4,-0.21977800811085518,376.0,PASS,0.21977800811085518,29.405349113310734,3.290203949472576,,0.8881086588431891
3,False,valley_too_late;missing_secondary_peak,297,307,132.99051977770313,434,444,415,425,15.569794050343184,,,,137,118,,0.11707446573160607,,0.882925534268394,candidate_long_quality_test,21,17.418666666666667,17.433333333333334,523,D:\code\DopplerLab\beat_frames\candidate_long_quality_test\candidate_long_quality_test_beat_0021_t17.419s_frame_000523.png,146,above,4,-0.21977800811085518,376.0,PASS,0.21977800811085518,29.228391534370886,3.421898323080669,,0.8829255342683939
1,False,valley_too_late;missing_secondary_peak,28,38,132.5779666557679,164,174,146,156,15.02811376266753,,,,136,118,,0.11335302646243836,,0.8866469735375616,candidate_long_quality_test,22,18.224,18.233333333333334,547,D:\code\DopplerLab\beat_frames\candidate_long_quality_test\candidate_long_quality_test_beat_0022_t18.224s_frame_000547.png,146,above,4,-0.21977800811085518,376.0,PASS,0.21977800811085518,29.13772143099205,3.302848908422399,,0.8866469735375617
2,False,valley_too_late;missing_secondary_peak,164,174,133.09937888198564,301,311,282,292,15.385746976135929,,,,137,118,,0.11559593369536238,,0.8844040663046375,candidate_long_quality_test,22,18.224,18.233333333333334,547,D:\code\DopplerLab\beat_frames\candidate_long_quality_test\candidate_long_quality_test_beat_0022_t18.224s_frame_000547.png,146,above,4,-0.21977800811085518,376.0,PASS,0.21977800811085518,29.252316371474826,3.3814488237127676,,0.8844040663046376
3,True,ok,301,311,134.57992808107028,435,445,340,350,16.247074207257,354.0,364.0,36.99803857469707,134,39,53.0,0.12072434900893872,0.2749149825106879,0.8792756509910613,candidate_long_quality_test,22,18.224,18.233333333333334,547,D:\code\DopplerLab\beat_frames\candidate_long_quality_test\candidate_long_quality_test_beat_0022_t18.224s_frame_000547.png,146,above,4,-0.21977800811085518,376.0,PASS,0.21977800811085518,29.57770852535977,3.570749606900195,8.131355221955506,0.8792756509910612
1,True,ok,25,35,133.3409610983962,162,172,66,76,15.40573483397908,81.0,91.0,37.36744033997984,137,41,56.0,0.1155364016208848,0.2802397705263674,0.8844635983791151,candidate_long_quality_test,23,19.077333333333332,19.066666666666666,572,D:\code\DopplerLab\beat_frames\candidate_long_quality_test\candidate_long_quality_test_beat_0023_t19.077s_frame_000572.png,146,above,4,-0.21977800811085518,376.0,PASS,0.21977800811085518,29.305410829792546,3.3858417152959386,8.212541606121986,0.8844635983791151
2,True,ok,162,172,134.66426936907288,296,306,201,211,16.276495586792787,215.0,225.0,36.60836874795631,134,39,53.0,0.12086721788230236,0.27184916176706203,0.8791327821176976,candidate_long_quality_test,23,19.077333333333332,19.066666666666666,572,D:\code\DopplerLab\beat_frames\candidate_long_quality_test\candidate_long_quality_test_beat_0023_t19.077s_frame_000572.png,146,above,4,-0.21977800811085518,376.0,PASS,0.21977800811085518,29.596244885638487,3.577215779090444,8.04571436361352,0.8791327821176976
3,True,ok,296,306,130.2556390977424,432,442,336,346,15.063623733245905,351.0,361.0,34.18796992481153,136,40,55.0,0.11564661489966148,0.2624682521357655,0.8843533851003386,candidate_long_quality_test,23,19.077333333333332,19.066666666666666,572,D:\code\DopplerLab\beat_frames\candidate_long_quality_test\candidate_long_quality_test_beat_0023_t19.077s_frame_000572.png,146,above,4,-0.21977800811085518,376.0,PASS,0.21977800811085518,28.627324906108257,3.310653219024189,7.513763931428902,0.8843533851003386
1,True,ok,23,33,134.6466165413514,157,167,62,72,16.128407976462626,76.0,86.0,36.37953579601123,134,39,53.0,0.11978323994134246,0.27018529488885223,0.8802167600586576,candidate_long_quality_test,24,19.904,19.9,597,D:\code\DopplerLab\beat_frames\candidate_long_quality_test\candidate_long_quality_test_beat_0024_t19.904s_frame_000597.png,146,above,4,-0.21977800811085518,376.0,PASS,0.21977800811085518,29.592365182324333,3.5446693790661845,7.995421913244903,0.8802167600586575
2,True,ok,157,167,129.9986923831298,293,303,196,206,15.815135665249787,213.0,223.0,34.272965021248254,136,39,56.0,0.12165611342181586,0.2636408443266459,0.8783438865781842,candidate_long_quality_test,24,19.904,19.9,597,D:\code\DopplerLab\beat_frames\candidate_long_quality_test\candidate_long_quality_test_beat_0024_t19.904s_frame_000597.png,146,above,4,-0.21977800811085518,376.0,PASS,0.21977800811085518,28.570853668980067,3.475819014511543,7.5324439844229545,0.8783438865781841
3,True,ok,293,303,129.93658058188745,434,444,334,344,13.671068976789588,350.0,360.0,31.071918927753693,141,41,57.0,0.10521339653211768,0.23913141925550233,0.8947866034678823,candidate_long_quality_test,24,19.904,19.9,597,D:\code\DopplerLab\beat_frames\candidate_long_quality_test\candidate_long_quality_test_beat_0024_t19.904s_frame_000597.png,146,above,4,-0.21977800811085518,376.0,PASS,0.21977800811085518,28.557202861022848,3.004600308464923,6.828924450123686,0.8947866034678823
1,True,ok,18,28,130.19973847662442,154,164,57,67,14.741745668518847,74.0,84.0,34.29323308270625,136,39,56.0,0.11322408048588765,0.2633894160153258,0.8867759195141124,candidate_long_quality_test,25,20.730666666666668,20.733333333333334,622,D:\code\DopplerLab\beat_frames\candidate_long_quality_test\candidate_long_quality_test_beat_0025_t20.731s_frame_000622.png,146,above,4,-0.21977800811085518,376.0,PASS,0.21977800811085518,28.615039178946784,3.2399114991038993,7.536898458598462,0.8867759195141123
2,True,ok,154,164,129.60248447204765,294,304,195,205,12.003988231447996,210.0,220.0,31.450474011114288,140,41,56.0,0.09262159039888612,0.24266875854449727,0.9073784096011139,candidate_long_quality_test,25,20.730666666666668,20.733333333333334,622,D:\code\DopplerLab\beat_frames\candidate_long_quality_test\candidate_long_quality_test_beat_0025_t20.731s_frame_000622.png,146,above,4,-0.21977800811085518,376.0,PASS,0.21977800811085518,28.48377588348467,2.638212622893788,6.912122532304916,0.9073784096011138
3,False,valley_too_late;missing_secondary_peak,294,304,126.28211833932474,433,443,415,425,14.358287021902468,,,,139,121,,0.11370008050800366,,0.8862999194919964,candidate_long_quality_test,25,20.730666666666668,20.733333333333334,622,D:\code\DopplerLab\beat_frames\candidate_long_quality_test\candidate_long_quality_test_beat_0025_t20.731s_frame_000622.png,146,above,4,-0.21977800811085518,376.0,PASS,0.21977800811085518,27.754032428636087,3.155635721557667,,0.8862999194919964
1,True,ok,15,25,129.87348806799403,156,166,56,66,13.68904870872813,72.0,82.0,31.30042497548171,141,41,57.0,0.10540294953471457,0.24100704032138315,0.8945970504652854,candidate_long_quality_test,26,21.568,21.566666666666666,647,D:\code\DopplerLab\beat_frames\candidate_long_quality_test\candidate_long_quality_test_beat_0026_t21.568s_frame_000647.png,146,above,4,-0.21977800811085518,376.0,PASS,0.21977800811085518,28.543336513992646,3.0085518581367428,6.879145054134634,0.8945970504652854
2,True,ok,156,166,126.03040209218508,295,305,196,206,13.532497251032492,212.0,222.0,31.663615560640274,139,40,56.0,0.10737486373434031,0.25123791589175354,0.8926251362656596,candidate_long_quality_test,26,21.568,21.566666666666666,647,D:\code\DopplerLab\beat_frames\candidate_long_quality_test\candidate_long_quality_test_beat_0026_t21.568s_frame_000647.png,146,above,4,-0.21977800811085518,376.0,PASS,0.21977800811085518,27.698710733230595,2.9741452905975443,6.958966357505399,0.8926251362656596
3,True,ok,295,305,116.16279830009631,431,441,333,343,14.589735207583923,349.0,359.0,30.59202353710318,136,38,54.0,0.1255973118854509,0.263354739940677,0.874402688114549,candidate_long_quality_test,26,21.568,21.566666666666666,647,D:\code\DopplerLab\beat_frames\candidate_long_quality_test\candidate_long_quality_test_beat_0026_t21.568s_frame_000647.png,146,above,4,-0.21977800811085518,376.0,PASS,0.21977800811085518,25.530028426978202,3.206502942787609,6.723453997064936,0.8744026881145491
1,True,ok,11,21,115.43282118339162,149,159,50,60,13.431840470741834,66.0,76.0,30.664596273291483,138,39,55.0,0.11636067050117628,0.26564885063818816,0.8836393294988237,candidate_long_quality_test,28,23.28,23.266666666666666,698,D:\code\DopplerLab\beat_frames\candidate_long_quality_test\candidate_long_quality_test_beat_0028_t23.280s_frame_000698.png,146,above,4,-0.21977800811085518,376.0,PASS,0.21977800811085518,25.36959551030234,2.952023143922412,6.739403888467555,0.8836393294988237
2,True,ok,149,159,119.79078130107695,289,299,188,198,12.573122529644053,204.0,214.0,32.1729323308266,140,39,55.0,0.10495901598674202,0.26857602881781484,0.8950409840132579,candidate_long_quality_test,28,23.28,23.266666666666666,698,D:\code\DopplerLab\beat_frames\candidate_long_quality_test\candidate_long_quality_test_beat_0028_t23.280s_frame_000698.png,146,above,4,-0.21977800811085518,376.0,PASS,0.21977800811085518,26.32737930439377,2.763295825298887,7.0709029827544025,0.8950409840132579
3,False,valley_too_late;missing_secondary_peak,289,299,112.86073880352889,433,443,416,426,10.680287675710996,,,,144,127,,0.0946324451614971,,0.9053675548385028,candidate_long_quality_test,28,23.28,23.266666666666666,698,D:\code\DopplerLab\beat_frames\candidate_long_quality_test\candidate_long_quality_test_beat_0028_t23.280s_frame_000698.png,146,above,4,-0.21977800811085518,376.0,PASS,0.21977800811085518,24.80430836815908,2.347292351418678,,0.905367554838503
