recording_name,audio_beat_id,audio_beat_time_s,audio_beat_time_s_from_anchor,rr_interval_s,hr_bpm,audio_is_valid_final,audio_is_consecutive_final_valid,inside_analysis_segment,frame_time_s,frame_index,frame_path,beat_id,is_complete_beat,beat_quality_reason,selection_score,psv_value_px,first_valley_value_px,secondary_peak_value_px,ri_proxy,psv_cm_s,edv_proxy_cm_s,secondary_peak_cm_s,ri_calibrated,cycle_length_px,time_to_valley_px,time_to_secondary_peak_px,valley_to_psv_ratio,secondary_to_psv_ratio,extraction_baseline,extraction_direction,n_frame_peaks,calibration_status,psv_value_px_round,first_valley_value_px_round,ri_proxy_round,image_candidate_signature,image_signature_reuse_count,first_signature_audio_beat_id,first_signature_audio_time_s,is_reused_image_signature,is_first_image_signature_occurrence,has_calibrated_velocity,has_valid_psv_cm_s,has_valid_ri,is_final_gt_beat_candidate,duplicate_note
candidate_2,2,1.4026666666666667,1.4026666666666667,1.0133333333333334,59.210526315789465,True,False,True,1.4,42,D:\code\DopplerLab\beat_frames\candidate_2\candidate_2_beat_0002_t1.403s_frame_000042.png,2,False,valley_too_late;missing_secondary_peak,15.230701528330915,104.97025171624563,11.930218246993896,,0.8863466739201168,23.07015283309154,2.621999602652097,,0.8863466739201167,162,124,,0.11365332607988332,,146,above,3,PASS,104.97,11.93,0.8863,candidate_2|2|162|104.97|11.93|0.8863,3,2,1.4026666666666667,True,True,True,True,True,True,first_occurrence_of_reused_image_signature
candidate_2,3,2.3733333333333335,2.3733333333333335,0.9706666666666668,61.8131868131868,True,True,True,2.3666666666666667,71,D:\code\DopplerLab\beat_frames\candidate_2\candidate_2_beat_0003_t2.373s_frame_000071.png,2,False,valley_too_late;missing_secondary_peak,15.230701528330915,104.97025171624563,11.930218246993896,,0.8863466739201168,23.07015283309154,2.621999602652097,,0.8863466739201167,162,124,,0.11365332607988332,,146,above,3,PASS,104.97,11.93,0.8863,candidate_2|2|162|104.97|11.93|0.8863,3,2,1.4026666666666667,True,False,True,True,True,True,repeated_image_signature
candidate_2,4,3.3493333333333335,3.3493333333333335,0.976,61.47540983606557,True,True,True,3.3333333333333335,100,D:\code\DopplerLab\beat_frames\candidate_2\candidate_2_beat_0004_t3.349s_frame_000100.png,2,False,valley_too_late;missing_secondary_peak,15.230701528330915,104.97025171624563,11.930218246993896,,0.8863466739201168,23.07015283309154,2.621999602652097,,0.8863466739201167,162,124,,0.11365332607988332,,146,above,3,PASS,104.97,11.93,0.8863,candidate_2|2|162|104.97|11.93|0.8863,3,2,1.4026666666666667,True,False,True,True,True,True,repeated_image_signature
candidate_2,5,4.298666666666667,4.298666666666667,0.9493333333333331,63.202247191011246,True,True,True,4.3,129,D:\code\DopplerLab\beat_frames\candidate_2\candidate_2_beat_0005_t4.299s_frame_000129.png,2,True,ok,165.23171384351048,105.43085975808931,12.36862222445726,20.1966791928836,0.8826849913503787,23.171384351047788,2.7183511555668716,4.438785923465912,0.8826849913503787,161,41,56.0,0.11731500864962133,0.19156325993380685,146,above,3,PASS,105.43,12.37,0.8827,candidate_2|2|161|105.43|12.37|0.8827,1,5,4.298666666666667,False,True,True,True,True,True,unique_image_signature
candidate_2,6,5.237333333333333,5.237333333333333,0.9386666666666663,63.92045454545457,True,True,True,5.233333333333333,157,D:\code\DopplerLab\beat_frames\candidate_2\candidate_2_beat_0006_t5.237s_frame_000157.png,1,True,ok,165.23201416128555,105.56750572082223,12.36568008650368,20.115280042834563,0.8828647129429651,23.201416128553618,2.717704538347846,4.420896180406218,0.8828647129429652,161,41,56.0,0.11713528705703485,0.19054423902019887,146,above,3,PASS,105.57,12.37,0.8829,candidate_2|1|161|105.57|12.37|0.8829,1,6,5.237333333333333,False,True,True,True,True,True,unique_image_signature
candidate_2,7,6.176,6.176,0.9386666666666672,63.92045454545451,True,True,True,6.166666666666667,185,D:\code\DopplerLab\beat_frames\candidate_2\candidate_2_beat_0007_t6.176s_frame_000185.png,1,False,valley_too_late;missing_secondary_peak,15.244018969188526,111.02974828375118,10.250884127314398,,0.9076744360338735,24.401896918852476,2.2529188948763403,,0.9076744360338734,157,141,,0.09232556396612655,,146,above,3,PASS,111.03,10.25,0.9077,candidate_2|1|157|111.03|10.25|0.9077,1,7,6.176,False,True,True,True,True,True,unique_image_signature
candidate_2,8,7.125333333333334,7.125333333333334,0.9493333333333336,63.20224719101122,True,True,True,7.133333333333334,214,D:\code\DopplerLab\beat_frames\candidate_2\candidate_2_beat_0008_t7.125s_frame_000214.png,2,False,valley_too_late;missing_secondary_peak,15.243329962618475,110.71624713958647,10.365759118292617,,0.9063754472708608,24.332996261847484,2.278165891575286,,0.906375447270861,156,137,,0.09362455272913917,,146,above,3,PASS,110.72,10.37,0.9064,candidate_2|2|156|110.72|10.37|0.9064,1,8,7.125333333333334,False,True,True,True,True,True,unique_image_signature
candidate_2,9,8.085333333333333,8.085333333333333,0.9599999999999991,62.50000000000006,True,True,True,8.1,243,D:\code\DopplerLab\beat_frames\candidate_2\candidate_2_beat_0009_t8.085s_frame_000243.png,1,False,valley_too_late;missing_secondary_peak,15.241071831596924,109.68878718535309,9.548358473824317,,0.9129504599436457,24.1071831596924,2.0985192061055136,,0.9129504599436457,156,137,,0.0870495400563543,,146,above,3,PASS,109.69,9.55,0.913,candidate_2|1|156|109.69|9.55|0.913,1,9,8.085333333333333,False,True,True,True,True,True,unique_image_signature
candidate_2,10,9.034666666666666,9.034666666666666,0.9493333333333336,63.20224719101122,True,True,True,9.033333333333333,271,D:\code\DopplerLab\beat_frames\candidate_2\candidate_2_beat_0010_t9.035s_frame_000271.png,1,False,valley_too_late;missing_secondary_peak,15.236698543805584,107.69892121608213,10.686218652220582,,0.9007769202183535,23.66985438055845,2.348595849622107,,0.9007769202183534,158,139,,0.09922307978164653,,146,above,3,PASS,107.7,10.69,0.9008,candidate_2|1|158|107.7|10.69|0.9008,1,10,9.034666666666666,False,True,True,True,True,True,unique_image_signature
candidate_2,11,9.973333333333333,9.973333333333333,0.9386666666666663,63.92045454545457,True,True,True,9.966666666666667,299,D:\code\DopplerLab\beat_frames\candidate_2\candidate_2_beat_0011_t9.973s_frame_000299.png,2,False,valley_too_late;missing_secondary_peak,15.253479697566439,115.3344230140553,12.756905851585296,,0.8893920347611166,25.34796975664385,2.803687357719129,,0.8893920347611167,158,129,,0.11060796523888335,,146,above,3,PASS,115.33,12.76,0.8894,candidate_2|2|158|115.33|12.76|0.8894,1,11,9.973333333333333,False,True,True,True,True,True,unique_image_signature
candidate_2,12,10.890666666666666,10.890666666666666,0.9173333333333336,65.40697674418603,True,True,True,10.9,327,D:\code\DopplerLab\beat_frames\candidate_2\candidate_2_beat_0012_t10.891s_frame_000327.png,1,False,valley_too_late;missing_secondary_peak,15.253534300798266,115.3592677345522,12.739253023863819,,0.8895688809920541,25.35343007982673,2.799807654404979,,0.8895688809920541,158,129,,0.11043111900794582,,146,above,3,PASS,115.36,12.74,0.8896,candidate_2|1|158|115.36|12.74|0.8896,1,12,10.890666666666666,False,True,True,True,True,True,unique_image_signature
candidate_2,13,11.813333333333333,11.813333333333333,0.9226666666666663,65.02890173410407,True,True,True,11.8,354,D:\code\DopplerLab\beat_frames\candidate_2\candidate_2_beat_0013_t11.813s_frame_000354.png,1,False,missing_secondary_peak,15.228758802819533,104.08630271330344,12.78653154625674,,0.8771545226130655,22.875880281953332,2.8101984338829196,,0.8771545226130655,156,73,,0.12284547738693452,,146,above,3,PASS,104.09,12.79,0.8772,candidate_2|1|156|104.09|12.79|0.8772,1,13,11.813333333333333,False,True,True,True,True,True,unique_image_signature
candidate_2,14,12.72,12.72,0.9066666666666681,66.17647058823519,True,True,True,12.733333333333333,382,D:\code\DopplerLab\beat_frames\candidate_2\candidate_2_beat_0014_t12.720s_frame_000382.png,2,False,valley_too_late;missing_secondary_peak,15.237761869899092,108.18273945733743,10.958156260215766,,0.8987069812136048,23.776186989909238,2.4083617554377192,,0.8987069812136048,154,135,,0.10129301878639509,,146,above,3,PASS,108.18,10.96,0.8987,candidate_2|2|154|108.18|10.96|0.8987,1,14,12.72,False,True,True,True,True,True,unique_image_signature
candidate_2,15,13.616,13.616,0.895999999999999,66.9642857142858,True,True,True,13.6,408,D:\code\DopplerLab\beat_frames\candidate_2\candidate_2_beat_0015_t13.616s_frame_000408.png,1,False,valley_too_late;missing_secondary_peak,15.2387727481515,108.64269369074705,11.056554429552149,,0.898230115123758,23.877274815150162,2.429987509096224,,0.8982301151237579,154,135,,0.10176988487624199,,146,above,3,PASS,108.64,11.06,0.8982,candidate_2|1|154|108.64|11.06|0.8982,1,15,13.616,False,True,True,True,True,True,unique_image_signature
candidate_2,16,14.48,14.48,0.8640000000000008,69.44444444444439,True,True,True,14.466666666666667,434,D:\code\DopplerLab\beat_frames\candidate_2\candidate_2_beat_0016_t14.480s_frame_000434.png,1,False,valley_too_late;missing_secondary_peak,15.223537009544117,101.71036286367939,12.04351788562315,,0.8815900607712426,22.353700954411753,2.646900371549714,,0.8815900607712425,151,134,,0.11840993922875749,,146,above,3,PASS,101.71,12.04,0.8816,candidate_2|1|151|101.71|12.04|0.8816,1,16,14.48,False,True,True,True,True,True,unique_image_signature
candidate_2,17,15.344,15.344,0.863999999999999,69.44444444444453,True,True,True,15.333333333333334,460,D:\code\DopplerLab\beat_frames\candidate_2\candidate_2_beat_0017_t15.344s_frame_000460.png,2,False,valley_too_late;missing_secondary_peak,15.228030999216342,103.75514874141723,12.260297482837503,,0.881834322136696,22.803099921634182,2.6945437596245583,,0.881834322136696,143,125,,0.11816567786330402,,146,above,3,PASS,103.76,12.26,0.8818,candidate_2|2|143|103.76|12.26|0.8818,1,17,15.344,False,True,True,True,True,True,unique_image_signature
candidate_2,18,16.202666666666666,16.202666666666666,0.8586666666666662,69.87577639751557,True,True,True,16.2,486,D:\code\DopplerLab\beat_frames\candidate_2\candidate_2_beat_0018_t16.203s_frame_000486.png,1,False,valley_too_late;missing_secondary_peak,15.227728526050553,103.61752206603312,13.824307144673227,,0.8665833068671213,22.77285260505534,3.038278687768946,,0.8665833068671214,143,125,,0.13341669313287868,,146,above,3,PASS,103.62,13.82,0.8666,candidate_2|1|143|103.62|13.82|0.8666,1,18,16.202666666666666,False,True,True,True,True,True,unique_image_signature
candidate_2,19,17.072,17.072,0.8693333333333335,69.01840490797545,True,True,True,17.066666666666666,512,D:\code\DopplerLab\beat_frames\candidate_2\candidate_2_beat_0019_t17.072s_frame_000512.png,2,False,valley_too_late;missing_secondary_peak,15.227798217017494,103.64923177508838,13.545930042497478,,0.8693098847863031,22.779821701749285,2.9770975227490877,,0.8693098847863031,142,124,,0.13069011521369694,,146,above,3,PASS,103.65,13.55,0.8693,candidate_2|2|142|103.65|13.55|0.8693,1,19,17.072,False,True,True,True,True,True,unique_image_signature
candidate_2,20,17.946666666666665,17.946666666666665,0.8746666666666663,68.59756097560978,True,True,True,17.933333333333334,538,D:\code\DopplerLab\beat_frames\candidate_2\candidate_2_beat_0020_t17.947s_frame_000538.png,1,False,valley_too_late;missing_secondary_peak,15.226910196036698,103.24517816279679,14.229486760379105,,0.8621777112153163,22.69101960366984,3.1273282566359053,,0.8621777112153162,142,124,,0.13782228878468375,,146,above,3,PASS,103.25,14.23,0.8622,candidate_2|1|142|103.25|14.23|0.8622,1,20,17.946666666666665,False,True,True,True,True,True,unique_image_signature
candidate_2,21,18.816,18.816,0.8693333333333335,69.01840490797545,True,True,True,18.8,564,D:\code\DopplerLab\beat_frames\candidate_2\candidate_2_beat_0021_t18.816s_frame_000564.png,1,False,valley_too_late;missing_secondary_peak,15.21996337171364,100.08434128800116,13.905851585485419,,0.8610586690532323,21.996337171363916,3.0562003625431626,,0.8610586690532323,146,128,,0.13894133094676772,,146,above,3,PASS,100.08,13.91,0.8611,candidate_2|1|146|100.08|13.91|0.8611,1,21,18.816,False,True,True,True,True,True,unique_image_signature
candidate_2,22,19.68,19.68,0.8640000000000008,69.44444444444439,True,True,True,19.666666666666668,590,D:\code\DopplerLab\beat_frames\candidate_2\candidate_2_beat_0022_t19.680s_frame_000590.png,2,False,valley_too_late;missing_secondary_peak,15.219338308401914,99.79993461915512,16.145799280810497,,0.8382183380938654,21.93383084019149,3.5484916052942093,,0.8382183380938654,143,118,,0.16178166190613463,,146,above,3,PASS,99.8,16.15,0.8382,candidate_2|2|143|99.8|16.15|0.8382,1,22,19.68,False,True,True,True,True,True,unique_image_signature
candidate_2,23,20.549333333333333,20.549333333333333,0.8693333333333335,69.01840490797545,True,True,True,20.533333333333335,616,D:\code\DopplerLab\beat_frames\candidate_2\candidate_2_beat_0023_t20.549s_frame_000616.png,1,False,valley_too_late;missing_secondary_peak,15.218186611288473,99.27590715920091,14.448367295049167,,0.8544625004344764,21.818661128847364,3.1754333845599305,,0.8544625004344764,143,125,,0.14553749956552361,,146,above,3,PASS,99.28,14.45,0.8545,candidate_2|1|143|99.28|14.45|0.8545,1,23,20.549333333333333,False,True,True,True,True,True,unique_image_signature
candidate_2,24,21.429333333333332,21.429333333333332,0.879999999999999,68.18181818181826,True,True,True,21.433333333333334,643,D:\code\DopplerLab\beat_frames\candidate_2\candidate_2_beat_0024_t21.429s_frame_000643.png,2,False,valley_too_late;missing_secondary_peak,15.217266259446728,98.85714285714145,11.059905197776999,,0.88812234626526,21.726625944672804,2.4307239342623226,,0.8881223462652601,146,127,,0.11187765373474001,,146,above,3,PASS,98.86,11.06,0.8881,candidate_2|2|146|98.86|11.06|0.8881,1,24,21.429333333333332,False,True,True,True,True,True,unique_image_signature
candidate_2,25,22.272,22.272,0.8426666666666662,71.20253164556966,True,True,True,22.266666666666666,668,D:\code\DopplerLab\beat_frames\candidate_2\candidate_2_beat_0025_t22.272s_frame_000668.png,1,False,valley_too_late;missing_secondary_peak,15.217013360267732,98.74207257273476,11.059905197776999,,0.887991968270363,21.70133602677315,2.4307239342623226,,0.887991968270363,146,127,,0.11200803172963705,,146,above,3,PASS,98.74,11.06,0.888,candidate_2|1|146|98.74|11.06|0.888,1,25,22.272,False,True,True,True,True,True,unique_image_signature
candidate_2,26,23.098666666666666,23.098666666666666,0.826666666666668,72.5806451612902,True,True,True,23.1,693,D:\code\DopplerLab\beat_frames\candidate_2\candidate_2_beat_0026_t23.099s_frame_000693.png,2,False,valley_too_late;missing_secondary_peak,15.215636065591209,98.11539718862235,11.193854200719212,,0.8859113398970444,21.56360655912082,2.4601629793173974,,0.8859113398970446,141,123,,0.1140886601029555,,146,above,3,PASS,98.12,11.19,0.8859,candidate_2|2|141|98.12|11.19|0.8859,1,26,23.098666666666666,False,True,True,True,True,True,unique_image_signature
candidate_2,27,23.968,23.968,0.8693333333333335,69.01840490797545,True,True,True,23.966666666666665,719,D:\code\DopplerLab\beat_frames\candidate_2\candidate_2_beat_0027_t23.968s_frame_000719.png,2,False,valley_too_late;missing_secondary_peak,15.212808192953338,96.82870219025675,10.80648990898297,,0.8883957993390275,21.280819295333828,2.375028826866334,,0.8883957993390273,139,120,,0.11160420066097258,,146,above,4,PASS,96.83,10.81,0.8884,candidate_2|2|139|96.83|10.81|0.8884,1,27,23.968,False,True,True,True,True,True,unique_image_signature
candidate_2,28,24.842666666666666,24.842666666666666,0.8746666666666663,68.59756097560978,True,True,True,24.833333333333332,745,D:\code\DopplerLab\beat_frames\candidate_2\candidate_2_beat_0028_t24.843s_frame_000745.png,3,False,valley_too_late;missing_secondary_peak,15.22513630946584,102.4380516508649,11.938033489520835,,0.8834609474005938,22.51363094658399,2.623717221087571,,0.8834609474005938,147,126,,0.11653905259940621,,146,above,4,PASS,102.44,11.94,0.8835,candidate_2|3|147|102.44|11.94|0.8835,1,28,24.842666666666666,False,True,True,True,True,True,unique_image_signature
candidate_2,30,26.613333333333333,26.613333333333333,0.9066666666666663,66.17647058823532,True,False,True,26.6,798,D:\code\DopplerLab\beat_frames\candidate_2\candidate_2_beat_0030_t26.613s_frame_000798.png,2,True,ok,165.19448665328406,88.49231775089775,13.90748610657052,27.125858123569397,0.842839622014201,19.44866532840518,3.0565595943314614,5.961667066695742,0.842839622014201,144,37,50.0,0.157160377985799,0.30653348011437076,146,above,3,PASS,88.49,13.91,0.8428,candidate_2|2|144|88.49|13.91|0.8428,1,30,26.613333333333333,False,True,True,True,True,True,unique_image_signature
candidate_2,33,29.333333333333332,29.333333333333332,0.911999999999999,65.78947368421059,True,False,True,29.333333333333332,880,D:\code\DopplerLab\beat_frames\candidate_2\candidate_2_beat_0033_t29.333s_frame_000880.png,2,True,ok,165.19457825739008,88.5339980385734,16.137393879956562,21.987126908179217,0.8177265882319507,19.457825739008022,3.5466442830371583,4.832286955960214,0.8177265882319507,153,37,50.0,0.18227341176804934,0.24834670742644696,146,above,3,PASS,88.53,16.14,0.8177,candidate_2|2|153|88.53|16.14|0.8177,1,33,29.333333333333332,False,True,True,True,True,True,unique_image_signature
candidate_2,34,30.256,30.256,0.9226666666666681,65.02890173410394,True,True,True,30.266666666666666,908,D:\code\DopplerLab\beat_frames\candidate_2\candidate_2_beat_0034_t30.256s_frame_000908.png,1,True,ok,165.18506184808498,84.20398823144698,16.108150811811882,22.071646507572957,0.8087008566917725,18.50618480849731,3.5402172997692705,4.850862505161298,0.8087008566917724,154,37,51.0,0.19129914330822753,0.26212115329865143,146,above,3,PASS,84.2,16.11,0.8087,candidate_2|1|154|84.2|16.11|0.8087,1,34,30.256,False,True,True,True,True,True,unique_image_signature
candidate_2,37,32.992,32.992,0.911999999999999,65.78947368421059,True,False,True,33.0,990,D:\code\DopplerLab\beat_frames\candidate_2\candidate_2_beat_0037_t32.992s_frame_000990.png,1,False,valley_too_late;missing_secondary_peak,15.213408828503455,97.10199411572265,12.423325394230908,,0.8720590085984717,21.340882850345505,2.7303737092570737,,0.8720590085984719,155,135,,0.12794099140152815,,146,above,3,PASS,97.1,12.42,0.8721,candidate_2|1|155|97.1|12.42|0.8721,1,37,32.992,False,True,True,True,True,True,unique_image_signature
candidate_2,38,33.888,33.888,0.8960000000000008,66.96428571428565,True,True,True,33.9,1017,D:\code\DopplerLab\beat_frames\candidate_2\candidate_2_beat_0038_t33.888s_frame_001017.png,1,False,missing_secondary_peak,15.200678731619794,91.30974174566721,13.881911299988879,,0.8479690005185279,20.06787316197934,3.050938814283128,,0.847969000518528,154,73,,0.15203099948147206,,146,above,3,PASS,91.31,13.88,0.848,candidate_2|1|154|91.31|13.88|0.848,1,38,33.888,False,True,True,True,True,True,unique_image_signature
candidate_long_quality_test,1,0.672,0.672,,,True,False,True,0.6666666666666666,20,D:\code\DopplerLab\beat_frames\candidate_long_quality_test\candidate_long_quality_test_beat_0001_t0.672s_frame_000020.png,2,False,valley_too_late;missing_secondary_peak,15.300925595244191,136.92252370055374,11.164633993009112,,0.9184602088008113,30.092559524419062,2.453741020270286,,0.9184602088008114,137,97,,0.08153979119918865,,146,above,4,PASS,136.92,11.16,0.9185,candidate_long_quality_test|2|137|136.92|11.16|0.9185,4,1,0.672,True,True,True,True,True,True,first_occurrence_of_reused_image_signature
candidate_long_quality_test,2,1.536,1.536,0.864,69.44444444444444,True,True,True,1.5333333333333334,46,D:\code\DopplerLab\beat_frames\candidate_long_quality_test\candidate_long_quality_test_beat_0002_t1.536s_frame_000046.png,2,False,valley_too_late;missing_secondary_peak,15.300925595244191,136.92252370055374,11.164633993009112,,0.9184602088008113,30.092559524419062,2.453741020270286,,0.9184602088008114,137,97,,0.08153979119918865,,146,above,4,PASS,136.92,11.16,0.9185,candidate_long_quality_test|2|137|136.92|11.16|0.9185,4,1,0.672,True,False,True,True,True,True,repeated_image_signature
candidate_long_quality_test,3,2.3573333333333335,2.3573333333333335,0.8213333333333335,73.05194805194805,True,True,True,2.3666666666666667,71,D:\code\DopplerLab\beat_frames\candidate_long_quality_test\candidate_long_quality_test_beat_0003_t2.357s_frame_000071.png,2,False,valley_too_late;missing_secondary_peak,15.300925595244191,136.92252370055374,11.164633993009112,,0.9184602088008113,30.092559524419062,2.453741020270286,,0.9184602088008114,137,97,,0.08153979119918865,,146,above,4,PASS,136.92,11.16,0.9185,candidate_long_quality_test|2|137|136.92|11.16|0.9185,4,1,0.672,True,False,True,True,True,True,repeated_image_signature
candidate_long_quality_test,4,3.1786666666666665,3.1786666666666665,0.821333333333333,73.05194805194807,True,True,True,3.1666666666666665,95,D:\code\DopplerLab\beat_frames\candidate_long_quality_test\candidate_long_quality_test_beat_0004_t3.179s_frame_000095.png,2,False,valley_too_late;missing_secondary_peak,15.300925595244191,136.92252370055374,11.164633993009112,,0.9184602088008113,30.092559524419062,2.453741020270286,,0.9184602088008114,137,97,,0.08153979119918865,,146,above,4,PASS,136.92,11.16,0.9185,candidate_long_quality_test|2|137|136.92|11.16|0.9185,4,1,0.672,True,False,True,True,True,True,repeated_image_signature
candidate_long_quality_test,5,4.010666666666666,4.010666666666666,0.8319999999999999,72.11538461538463,True,True,True,4.0,120,D:\code\DopplerLab\beat_frames\candidate_long_quality_test\candidate_long_quality_test_beat_0005_t4.011s_frame_000120.png,2,False,valley_too_late;missing_secondary_peak,15.299520280488176,136.28309905197574,10.41913896271855,,0.9235478277556274,29.952028048817603,2.289897607456485,,0.9235478277556273,136,94,,0.07645217224437266,,146,above,4,PASS,136.28,10.42,0.9235,candidate_long_quality_test|2|136|136.28|10.42|0.9235,1,5,4.010666666666666,False,True,True,True,True,True,unique_image_signature
candidate_long_quality_test,6,4.848,4.848,0.8373333333333335,71.656050955414,True,True,True,4.833333333333333,145,D:\code\DopplerLab\beat_frames\candidate_long_quality_test\candidate_long_quality_test_beat_0006_t4.848s_frame_000145.png,1,False,valley_too_late;missing_secondary_peak,15.300862370449442,136.89375612945207,10.290098071264966,,0.9248315017265342,30.08623704494415,2.261537257367967,,0.9248315017265343,137,94,,0.07516849827346579,,146,above,4,PASS,136.89,10.29,0.9248,candidate_long_quality_test|1|137|136.89|10.29|0.9248,1,6,4.848,False,True,True,True,True,True,unique_image_signature
candidate_long_quality_test,7,5.669333333333333,5.669333333333333,0.8213333333333335,73.05194805194805,True,True,True,5.666666666666667,170,D:\code\DopplerLab\beat_frames\candidate_long_quality_test\candidate_long_quality_test_beat_0007_t5.669s_frame_000170.png,2,False,missing_secondary_peak,15.299315518368818,136.18993135011235,10.435811395496238,,0.9233731062785528,29.931551836881802,2.293561841522727,,0.9233731062785528,139,79,,0.07662689372144711,,146,above,4,PASS,136.19,10.44,0.9234,candidate_long_quality_test|2|139|136.19|10.44|0.9234,1,7,5.669333333333333,False,True,True,True,True,True,unique_image_signature
candidate_long_quality_test,8,6.501333333333333,6.501333333333333,0.8319999999999999,72.11538461538463,True,True,True,6.5,195,D:\code\DopplerLab\beat_frames\candidate_long_quality_test\candidate_long_quality_test_beat_0008_t6.501s_frame_000195.png,1,False,valley_too_late;missing_secondary_peak,15.298987180514269,136.0405361229139,7.705132396207973,,0.9433614963907059,29.898718051426858,1.693418650269009,,0.9433614963907058,139,119,,0.05663850360929418,,146,above,4,PASS,136.04,7.71,0.9434,candidate_long_quality_test|1|139|136.04|7.71|0.9434,1,8,6.501333333333333,False,True,True,True,True,True,unique_image_signature
candidate_long_quality_test,9,7.386666666666667,7.386666666666667,0.8853333333333335,67.77108433734938,True,True,True,7.4,222,D:\code\DopplerLab\beat_frames\candidate_long_quality_test\candidate_long_quality_test_beat_0009_t7.387s_frame_000222.png,1,False,valley_too_late;missing_secondary_peak,15.295876240484395,134.62504416509006,10.79993461915659,,0.919777670743694,29.5876240484394,2.373588118325703,,0.919777670743694,140,121,,0.08022232925630599,,146,above,4,PASS,134.63,10.8,0.9198,candidate_long_quality_test|1|140|134.63|10.8|0.9198,1,9,7.386666666666667,False,True,True,True,True,True,unique_image_signature
candidate_long_quality_test,10,8.256,8.256,0.8693333333333335,69.01840490797545,True,True,True,8.266666666666667,248,D:\code\DopplerLab\beat_frames\candidate_long_quality_test\candidate_long_quality_test_beat_0010_t8.256s_frame_000248.png,3,False,valley_too_late;missing_secondary_peak,15.292963581887262,133.29977116704606,11.532853873815021,,0.9134818179142822,29.296358188726188,2.5346676522206253,,0.9134818179142821,147,128,,0.08651818208571792,,146,above,4,PASS,133.3,11.53,0.9135,candidate_long_quality_test|3|147|133.3|11.53|0.9135,1,10,8.256,False,True,True,True,True,True,unique_image_signature
candidate_long_quality_test,11,9.104,9.104,0.847999999999999,70.75471698113216,True,True,True,9.1,273,D:\code\DopplerLab\beat_frames\candidate_long_quality_test\candidate_long_quality_test_beat_0011_t9.104s_frame_000273.png,1,False,valley_too_late;missing_secondary_peak,15.29299878660252,133.31578947368232,11.745341614906874,,0.9118983455652452,29.299878660252013,2.5813677847057677,,0.9118983455652452,148,129,,0.08810165443475475,,146,above,3,PASS,133.32,11.75,0.9119,candidate_long_quality_test|1|148|133.32|11.75|0.9119,1,11,9.104,False,True,True,True,True,True,unique_image_signature
candidate_long_quality_test,12,9.962666666666667,9.962666666666667,0.858666666666668,69.87577639751542,True,True,True,9.966666666666667,299,D:\code\DopplerLab\beat_frames\candidate_long_quality_test\candidate_long_quality_test_beat_0012_t9.963s_frame_000299.png,1,False,valley_too_late;missing_secondary_peak,15.292521726787594,133.09872507355146,13.3559986923831,,0.8996534438252323,29.25217267875948,2.935354788943144,,0.8996534438252323,144,125,,0.10034655617476775,,146,above,3,PASS,133.1,13.36,0.8997,candidate_long_quality_test|1|144|133.1|13.36|0.8997,1,12,9.962666666666667,False,True,True,True,True,True,unique_image_signature
candidate_long_quality_test,13,10.832,10.832,0.8693333333333335,69.01840490797545,True,True,True,10.833333333333334,325,D:\code\DopplerLab\beat_frames\candidate_long_quality_test\candidate_long_quality_test_beat_0013_t10.832s_frame_000325.png,2,False,valley_too_late;missing_secondary_peak,15.29553711841898,134.4707420725707,12.03530565544297,,0.9104987042538384,29.553711841898156,2.6450955039585664,,0.9104987042538384,143,124,,0.08950129574616164,,146,above,3,PASS,134.47,12.04,0.9105,candidate_long_quality_test|2|143|134.47|12.04|0.9105,1,13,10.832,False,True,True,True,True,True,unique_image_signature
candidate_long_quality_test,14,11.653333333333334,11.653333333333334,0.8213333333333335,73.05194805194805,True,True,True,11.666666666666666,350,D:\code\DopplerLab\beat_frames\candidate_long_quality_test\candidate_long_quality_test_beat_0014_t11.653s_frame_000350.png,3,False,valley_too_late;missing_secondary_peak,15.295532089173944,134.4684537430513,14.13860738803529,,0.8948555814060893,29.553208917394482,3.1073549692038167,,0.8948555814060895,145,126,,0.10514441859391059,,146,above,4,PASS,134.47,14.14,0.8949,candidate_long_quality_test|3|145|134.47|14.14|0.8949,1,14,11.653333333333334,False,True,True,True,True,True,unique_image_signature
candidate_long_quality_test,15,12.490666666666666,12.490666666666666,0.8373333333333317,71.65605095541414,True,True,True,12.5,375,D:\code\DopplerLab\beat_frames\candidate_long_quality_test\candidate_long_quality_test_beat_0015_t12.491s_frame_000375.png,2,False,valley_too_late;missing_secondary_peak,15.29744392075153,135.33834586465963,14.15429879045438,,0.8954154589371967,29.744392075152888,3.1108035943719505,,0.8954154589371965,145,126,,0.10458454106280338,,146,above,4,PASS,135.34,14.15,0.8954,candidate_long_quality_test|2|145|135.34|14.15|0.8954,1,15,12.490666666666666,False,True,True,True,True,True,unique_image_signature
candidate_long_quality_test,16,13.349333333333334,13.349333333333334,0.858666666666668,69.87577639751542,True,True,True,13.333333333333334,400,D:\code\DopplerLab\beat_frames\candidate_long_quality_test\candidate_long_quality_test_beat_0016_t13.349s_frame_000400.png,1,False,valley_too_late;missing_secondary_peak,15.294876955621518,134.17036497700116,13.984635501797962,,0.8957695650287965,29.48769556215176,3.073515334741506,,0.8957695650287966,145,126,,0.10423043497120353,,146,above,4,PASS,134.17,13.98,0.8958,candidate_long_quality_test|1|145|134.17|13.98|0.8958,1,16,13.349333333333334,False,True,True,True,True,True,unique_image_signature
candidate_long_quality_test,17,14.176,14.176,0.8266666666666662,72.58064516129036,True,True,True,14.166666666666666,425,D:\code\DopplerLab\beat_frames\candidate_long_quality_test\candidate_long_quality_test_beat_0017_t14.176s_frame_000425.png,3,False,valley_too_late;missing_secondary_peak,15.29773274310936,135.4697613599196,13.406668846028102,,0.9010357092871161,29.773274310936028,2.9464909743819137,,0.9010357092871161,144,125,,0.098964290712884,,146,above,4,PASS,135.47,13.41,0.901,candidate_long_quality_test|3|144|135.47|13.41|0.901,1,17,14.176,False,True,True,True,True,True,unique_image_signature
candidate_long_quality_test,18,14.976,14.976,0.8000000000000007,74.99999999999993,True,True,True,14.966666666666667,449,D:\code\DopplerLab\beat_frames\candidate_long_quality_test\candidate_long_quality_test_beat_0018_t14.976s_frame_000449.png,3,True,ok,165.2956872773065,134.53906505393718,16.214122262176907,35.53514220333391,0.8794839085905896,29.56872773065108,3.563507494047114,7.809842771384713,0.8794839085905897,137,41,55.0,0.12051609140941041,0.26412508656194206,146,above,4,PASS,134.54,16.21,0.8795,candidate_long_quality_test|3|137|134.54|16.21|0.8795,1,18,14.976,False,True,True,True,True,True,unique_image_signature
candidate_long_quality_test,19,15.797333333333333,15.797333333333333,0.8213333333333317,73.0519480519482,True,True,True,15.8,474,D:\code\DopplerLab\beat_frames\candidate_long_quality_test\candidate_long_quality_test_beat_0019_t15.797s_frame_000474.png,2,True,ok,165.2935879267354,133.58385093167502,15.897221314154681,35.5243543641708,0.880994437551544,29.35879267354094,3.493859634922347,7.8074718415816236,0.880994437551544,137,41,55.0,0.11900556244845595,0.2659330010057927,146,above,4,PASS,133.58,15.9,0.881,candidate_long_quality_test|2|137|133.58|15.9|0.881,1,19,15.797333333333333,False,True,True,True,True,True,unique_image_signature
candidate_long_quality_test,20,16.613333333333333,16.613333333333333,0.8160000000000007,73.52941176470581,True,True,True,16.6,498,D:\code\DopplerLab\beat_frames\candidate_long_quality_test\candidate_long_quality_test_beat_0020_t16.613s_frame_000498.png,1,True,ok,165.29441272292146,133.95913697286494,15.615451672659646,35.65773128473306,0.8834312311535514,29.44127229214547,3.431932864368459,7.836785155510757,0.8834312311535514,137,41,55.0,0.11656876884644865,0.2661836444344664,146,above,4,PASS,133.96,15.62,0.8834,candidate_long_quality_test|1|137|133.96|15.62|0.8834,1,20,16.613333333333333,False,True,True,True,True,True,unique_image_signature
candidate_long_quality_test,21,17.418666666666667,17.418666666666667,0.8053333333333335,74.50331125827813,True,True,True,17.433333333333334,523,D:\code\DopplerLab\beat_frames\candidate_long_quality_test\candidate_long_quality_test_beat_0021_t17.419s_frame_000523.png,1,True,ok,165.28976354511667,131.8437397842413,16.119755911517647,37.104282445242994,0.87773590207698,28.976354511666468,3.542767845466531,8.154705288198077,0.8777359020769799,135,39,54.0,0.12226409792302,0.2814261982098137,146,above,4,PASS,131.84,16.12,0.8777,candidate_long_quality_test|1|135|131.84|16.12|0.8777,1,21,17.418666666666667,False,True,True,True,True,True,unique_image_signature
candidate_long_quality_test,22,18.224,18.224,0.8053333333333335,74.50331125827813,True,True,True,18.233333333333334,547,D:\code\DopplerLab\beat_frames\candidate_long_quality_test\candidate_long_quality_test_beat_0022_t18.224s_frame_000547.png,3,True,ok,165.2957770852536,134.57992808107028,16.247074207257,36.99803857469707,0.8792756509910613,29.57770852535977,3.570749606900195,8.131355221955506,0.8792756509910612,134,39,53.0,0.12072434900893872,0.2749149825106879,146,above,4,PASS,134.58,16.25,0.8793,candidate_long_quality_test|3|134|134.58|16.25|0.8793,1,22,18.224,False,True,True,True,True,True,unique_image_signature
candidate_long_quality_test,23,19.077333333333332,19.077333333333332,0.8533333333333317,70.31250000000013,True,True,True,19.066666666666666,572,D:\code\DopplerLab\beat_frames\candidate_long_quality_test\candidate_long_quality_test_beat_0023_t19.077s_frame_000572.png,2,True,ok,165.2959624488564,134.66426936907288,16.276495586792787,36.60836874795631,0.8791327821176976,29.596244885638487,3.577215779090444,8.04571436361352,0.8791327821176976,134,39,53.0,0.12086721788230236,0.27184916176706203,146,above,4,PASS,134.66,16.28,0.8791,candidate_long_quality_test|2|134|134.66|16.28|0.8791,1,23,19.077333333333332,False,True,True,True,True,True,unique_image_signature
candidate_long_quality_test,24,19.904,19.904,0.826666666666668,72.5806451612902,True,True,True,19.9,597,D:\code\DopplerLab\beat_frames\candidate_long_quality_test\candidate_long_quality_test_beat_0024_t19.904s_frame_000597.png,1,True,ok,165.29592365182324,134.6466165413514,16.128407976462626,36.37953579601123,0.8802167600586576,29.592365182324333,3.5446693790661845,7.995421913244903,0.8802167600586575,134,39,53.0,0.11978323994134246,0.27018529488885223,146,above,4,PASS,134.65,16.13,0.8802,candidate_long_quality_test|1|134|134.65|16.13|0.8802,1,24,19.904,False,True,True,True,True,True,unique_image_signature
candidate_long_quality_test,25,20.730666666666668,20.730666666666668,0.826666666666668,72.5806451612902,True,True,True,20.733333333333334,622,D:\code\DopplerLab\beat_frames\candidate_long_quality_test\candidate_long_quality_test_beat_0025_t20.731s_frame_000622.png,1,True,ok,165.28615039178948,130.19973847662442,14.741745668518847,34.29323308270625,0.8867759195141124,28.615039178946784,3.2399114991038993,7.536898458598462,0.8867759195141123,136,39,56.0,0.11322408048588765,0.2633894160153258,146,above,4,PASS,130.2,14.74,0.8868,candidate_long_quality_test|1|136|130.2|14.74|0.8868,1,25,20.730666666666668,False,True,True,True,True,True,unique_image_signature
candidate_long_quality_test,26,21.568,21.568,0.8373333333333335,71.656050955414,True,True,True,21.566666666666666,647,D:\code\DopplerLab\beat_frames\candidate_long_quality_test\candidate_long_quality_test_beat_0026_t21.568s_frame_000647.png,1,True,ok,165.28543336513994,129.87348806799403,13.68904870872813,31.30042497548171,0.8945970504652854,28.543336513992646,3.0085518581367428,6.879145054134634,0.8945970504652854,141,41,57.0,0.10540294953471457,0.24100704032138315,146,above,4,PASS,129.87,13.69,0.8946,candidate_long_quality_test|1|141|129.87|13.69|0.8946,1,26,21.568,False,True,True,True,True,True,unique_image_signature
candidate_long_quality_test,28,23.28,23.28,0.8426666666666662,71.20253164556966,True,False,True,23.266666666666666,698,D:\code\DopplerLab\beat_frames\candidate_long_quality_test\candidate_long_quality_test_beat_0028_t23.280s_frame_000698.png,2,True,ok,165.26327379304394,119.79078130107695,12.573122529644053,32.1729323308266,0.8950409840132579,26.32737930439377,2.763295825298887,7.0709029827544025,0.8950409840132579,140,39,55.0,0.10495901598674202,0.26857602881781484,146,above,4,PASS,119.79,12.57,0.895,candidate_long_quality_test|2|140|119.79|12.57|0.895,1,28,23.28,False,True,True,True,True,True,unique_image_signature
