beat_id,is_complete_beat,beat_quality_reason,psv_local,psv_global,psv_value_px,next_psv_local,next_psv_global,first_valley_local,first_valley_global,first_valley_value_px,secondary_peak_local,secondary_peak_global,secondary_peak_value_px,cycle_length_px,time_to_valley_px,time_to_secondary_peak_px,valley_to_psv_ratio,secondary_to_psv_ratio,ri_proxy,recording_name,site,repeat_id,audio_anchor_index,audio_beat_time_s,video_frame_idx,video_frame_time_s,smoke_test_position,early_sweep_marker_time_risk,audio_possible_clipping,extraction_direction,cm_s_per_px,psv_value_cm_s,secondary_peak_value_cm_s,row_index,candidate_id,analysis_start_s,analysis_end_s,analysis_duration_s,segment_iou,calibration_group,baseline_y_global_px,baseline_y_roi_px,first_valley_value_cm_s,feature_layer
2,True,ok,253,263,131.755802549851,412,422,297,307,10.95292579274252,314.0,324.0,22.70513239620758,159,44,61.0,0.08313050037092962,0.17232738108529896,0.9168694996290704,candidate_test_02_brachial,brachial,1,12,12.48,374,12.466666666666667,,False,False,below,0.17543409679653227,23.114460218035354,3.9832543945743613,46,2,0.736,52.0,51.264,0.9696358317361042,standard_20cm_s_scale,375.0,145.0,1.9215166437292261,complete_morphology_candidate
2,True,ok,250,260,124.92317750898809,410,420,295,305,11.865506156695886,311.0,321.0,22.261523373651197,160,45,61.0,0.09498242354459945,0.17820170618098075,0.9050175764554006,candidate_test_02_brachial,brachial,1,20,20.208,606,20.2,,False,False,below,0.17543409679653227,21.915784815242198,3.90543024637139,54,2,0.736,52.0,51.264,0.9696358317361042,standard_20cm_s_scale,375.0,145.0,2.0816143556336355,complete_morphology_candidate
1,True,ok,83,93,125.4383785550816,243,253,128,138,11.862564018742308,144.0,154.0,22.05165086629585,160,45,61.0,0.09456885648066078,0.17579668296344161,0.9054311435193393,candidate_test_02_brachial,brachial,1,21,21.184,636,21.2,,False,False,below,0.17543409679653227,22.006168645432243,3.868611452601081,55,2,0.736,52.0,51.264,0.9696358317361042,standard_20cm_s_scale,375.0,145.0,2.081098204319099,complete_morphology_candidate
1,True,ok,87,97,104.12389669826598,245,255,134,144,10.079800951654343,150.0,160.0,24.097417456684827,158,47,63.0,0.09680583680866225,0.23143023091534118,0.9031941631913377,candidate_test_02_brachial,brachial,1,44,43.25333333333333,1298,43.266666666666666,,False,False,below,0.17543409679653227,18.26688177219572,4.227508666642493,78,2,0.736,52.0,51.264,0.9696358317361042,standard_20cm_s_scale,375.0,145.0,1.7683407758423062,complete_morphology_candidate
2,True,ok,206,216,108.87937234390166,386,396,239,249,13.112055501071291,252.0,262.0,34.51244052159336,180,33,46.0,0.12042736120535413,0.3169786873181438,0.8795726387946459,candidate_test_03_brachial,brachial,1,7,8.133333333333333,244,8.133333333333333,,False,False,above,0.17543409679653227,19.101154346925725,6.054658831149773,95,3,0.6506666666666666,46.986666666666665,46.336,0.9858723404255318,standard_20cm_s_scale,375.0,145.0,2.300301613976444,complete_morphology_candidate
1,True,ok,23,33,108.95423340960942,203,213,56,66,13.112055501071291,69.0,79.0,34.51244052159336,180,33,46.0,0.12034461709970463,0.31676089530037,0.8796553829002953,candidate_test_03_brachial,brachial,1,8,9.248,277,9.233333333333333,,False,False,above,0.17543409679653227,19.11428753037339,6.054658831149773,96,3,0.6506666666666666,46.986666666666665,46.336,0.9858723404255318,standard_20cm_s_scale,375.0,145.0,2.300301613976444,complete_morphology_candidate
2,True,ok,193,203,93.44132069303564,381,391,228,238,11.64045984526512,242.0,252.0,29.665304565761804,188,35,49.0,0.12457507833718692,0.31747522772302617,0.875424921662813,candidate_test_03_brachial,brachial,1,22,24.986666666666668,750,25.0,,False,False,above,0.17543409679653227,16.392793699257826,5.204305912688467,110,3,0.6506666666666666,46.986666666666665,46.336,0.9858723404255318,standard_20cm_s_scale,375.0,145.0,2.042133559250388,complete_morphology_candidate
1,True,ok,9,19,93.6222175993342,198,208,45,55,11.64045984526512,59.0,69.0,29.665304565761804,189,36,50.0,0.12433437429437584,0.31686180189319474,0.8756656257056242,candidate_test_03_brachial,brachial,1,23,26.112,783,26.1,,False,False,above,0.17543409679653227,16.424529184627605,5.204305912688467,111,3,0.6506666666666666,46.986666666666665,46.336,0.9858723404255318,standard_20cm_s_scale,375.0,145.0,2.042133559250388,complete_morphology_candidate
2,True,ok,305,315,102.65642366786375,486,496,326,336,37.07845701209486,351.0,361.0,59.99084668192124,181,21,46.0,0.3611898377841322,0.5843847324743807,0.6388101622158677,candidate_test_04_brachial_1,brachial,1,6,4.341333333333333,130,4.333333333333333,,False,False,above,0.17543409679653227,18.009436966533833,10.524440003702098,137,4,0.4213333333333333,32.96,32.538666666666664,0.9713034825870646,standard_20cm_s_scale,375.0,145.0,6.50482561652591,complete_morphology_candidate
2,True,ok,302,312,100.58221641059025,482,492,324,334,38.209218698920616,358.0,368.0,58.30728996403963,180,22,56.0,0.3798804606069268,0.5796978038942925,0.6201195393930732,candidate_test_04_brachial_1,brachial,1,7,4.8853333333333335,147,4.9,,False,False,above,0.17543409679653227,17.645550289785245,10.229086751494803,138,4,0.4213333333333333,32.96,32.538666666666664,0.9713034825870646,standard_20cm_s_scale,375.0,145.0,6.70319977174631,complete_morphology_candidate
2,True,ok,298,308,120.6802876757093,479,489,324,334,41.026152337364465,353.0,363.0,62.06897678979958,181,26,55.0,0.3399573627766738,0.514325727798981,0.6600426372233261,candidate_test_04_brachial_1,brachial,1,8,5.984,180,6.0,,False,False,above,0.17543409679653227,21.171437269533744,10.889014882203414,139,4,0.4213333333333333,32.96,32.538666666666664,0.9713034825870646,standard_20cm_s_scale,375.0,145.0,7.197385980342476,complete_morphology_candidate
1,True,ok,20,30,122.52631578947197,201,211,46,56,40.688460281136955,75.0,85.0,59.22752533507585,181,26,55.0,0.3320793579646104,0.48338616038078047,0.6679206420353896,candidate_test_04_brachial_1,brachial,1,11,7.68,230,7.666666666666667,,False,False,above,0.17543409679653227,21.495293544332704,10.390527412652764,142,4,0.4213333333333333,32.96,32.538666666666664,0.9713034825870646,standard_20cm_s_scale,375.0,145.0,7.138143279462839,complete_morphology_candidate
1,True,ok,13,23,118.15331807780152,202,212,35,45,34.40568813337624,52.0,62.0,59.48610657077387,189,22,39.0,0.2911952765534761,0.5034653917345215,0.708804723446524,candidate_test_04_brachial_1,brachial,1,44,26.768,803,26.766666666666666,,False,False,above,0.17543409679653227,20.7281206404925,10.435891378185977,175,4,0.4213333333333333,32.96,32.538666666666664,0.9713034825870646,standard_20cm_s_scale,375.0,145.0,6.035930822342029,complete_morphology_candidate
1,True,ok,19,29,118.29486760379044,207,217,45,55,38.12814645308868,59.0,69.0,64.93004249754728,188,26,40.0,0.3223144606813607,0.5488830057701233,0.6776855393186394,candidate_test_04_brachial_1,brachial,1,52,31.2,936,31.2,,False,False,above,0.17543409679653227,20.75295325373634,11.390943360517662,183,4,0.4213333333333333,32.96,32.538666666666664,0.9713034825870646,standard_20cm_s_scale,375.0,145.0,6.6889769355235185,complete_morphology_candidate
2,True,ok,302,312,94.26675384112309,485,495,322,332,33.21967963386672,356.0,366.0,55.0356325596592,183,20,54.0,0.35240080176999694,0.5838286598095452,0.647599198230003,candidate_test_04_brachial_1,brachial,1,53,32.330666666666666,970,32.333333333333336,,False,False,above,0.17543409679653227,16.537602818058467,9.655126489729636,184,4,0.4213333333333333,32.96,32.538666666666664,0.9713034825870646,standard_20cm_s_scale,375.0,145.0,5.827864492437565,complete_morphology_candidate
1,True,ok,21,31,112.73259235043967,206,216,45,55,38.74011114743313,63.0,73.0,61.29519450800822,185,24,42.0,0.3436460595796992,0.5437220348616347,0.6563539404203009,candidate_test_04_brachial_2,brachial,2,18,10.661333333333333,320,10.666666666666666,,False,False,below,0.17543409679653227,19.77714051853105,10.753267086480188,204,4,0.4053333333333333,31.5,31.094666666666665,0.9802034297242772,standard_20cm_s_scale,375.0,145.0,6.796336408947203,complete_morphology_candidate
1,True,ok,16,26,90.83458646616398,201,211,39,49,34.75645635828647,58.0,68.0,56.740764955867085,185,23,42.0,0.38263460770235685,0.624660354203331,0.6173653922976431,candidate_test_04_brachial_2,brachial,2,35,20.069333333333333,602,20.066666666666666,,False,False,below,0.17543409679653227,15.935483634577992,9.954264851576871,221,4,0.4053333333333333,31.5,31.094666666666665,0.9802034297242772,standard_20cm_s_scale,375.0,145.0,6.097467529064078,complete_morphology_candidate
1,True,ok,15,25,83.18175874468655,198,208,40,50,33.72376593658003,70.0,80.0,57.22556390977357,183,25,55.0,0.4054226124274419,0.6879580904921537,0.5945773875725581,candidate_test_04_brachial_2,brachial,2,38,21.738666666666667,652,21.733333333333334,,False,False,below,0.17543409679653227,14.592916715321135,10.03931511818336,224,4,0.4053333333333333,31.5,31.094666666666665,0.9802034297242772,standard_20cm_s_scale,375.0,145.0,5.9162984176615785,complete_morphology_candidate
1,True,ok,210,220,83.34847989538946,395,405,239,249,33.53252696959742,273.0,283.0,48.58156260215677,185,29,63.0,0.4023171989661244,0.5828728089958138,0.5976828010338756,candidate_test_04_brachial_2,brachial,2,42,24.48,734,24.466666666666665,,False,False,above,0.17543409679653227,14.622165289811578,8.522862556073564,228,4,0.4053333333333333,31.5,31.094666666666665,0.9802034297242772,standard_20cm_s_scale,375.0,145.0,5.882748582216682,complete_morphology_candidate
2,True,ok,294,304,112.59398496240436,482,492,319,329,42.703170970904836,335.0,345.0,65.65119320039129,188,25,41.0,0.3792668940988599,0.583079044784786,0.6207331059011402,candidate_test_04_brachial_2,brachial,2,44,25.626666666666665,769,25.633333333333333,,False,False,below,0.17543409679653227,19.752824056601746,11.517457782725288,230,4,0.4053333333333333,31.5,31.094666666666665,0.9802034297242772,standard_20cm_s_scale,375.0,145.0,7.491592229628586,complete_morphology_candidate
1,True,ok,4,14,111.62415921225997,193,203,30,40,48.775089898658905,46.0,56.0,71.77443609022448,189,26,42.0,0.43695818398873826,0.6430009112430681,0.5630418160112617,candidate_test_04_brachial_2,brachial,2,46,27.36,821,27.366666666666667,,False,False,below,0.17543409679653227,19.582683552075146,12.591683368568962,232,4,0.4053333333333333,31.5,31.094666666666665,0.9802034297242772,standard_20cm_s_scale,375.0,145.0,8.55681384254089,complete_morphology_candidate
1,True,ok,6,16,100.97284053348133,168,178,30,40,14.001634521084966,72.0,82.0,27.53616509717456,162,24,66.0,0.1386673331869098,0.2727086308723177,0.8613326668130902,candidate_test_05_brachial,brachial,1,0,4.1706666666666665,125,4.166666666666667,,False,True,above,0.17543409679653227,17.71407907997158,4.830782253063015,240,5,2.970666666666667,35.818666666666665,32.848,0.899945205479452,standard_20cm_s_scale,375.0,145.0,2.4563641058816876,complete_morphology_candidate
3,True,ok,338,348,116.22164105916804,509,519,363,373,13.1639647537814,407.0,417.0,35.16897976165688,171,25,69.0,0.11326603749365122,0.30260267744586805,0.8867339625063488,candidate_test_05_brachial,brachial,1,0,4.1706666666666665,125,4.166666666666667,,False,True,above,0.17543409679653227,20.389238627425915,6.169838199741797,240,5,2.970666666666667,35.818666666666665,32.848,0.899945205479452,standard_20cm_s_scale,375.0,145.0,2.309408266841025,complete_morphology_candidate
1,True,ok,74,84,116.07829355998533,244,254,100,110,12.980630925138652,143.0,153.0,29.83814800158266,170,26,69.0,0.11182651404528704,0.25705191803292077,0.8881734859547129,candidate_test_05_brachial,brachial,1,1,4.725333333333333,142,4.733333333333333,,False,True,above,0.17543409679653227,20.364090588378755,5.234628544738908,241,5,2.970666666666667,35.818666666666665,32.848,0.899945205479452,standard_20cm_s_scale,375.0,145.0,2.2772452622008346,complete_morphology_candidate
2,True,ok,244,254,116.23864007845538,415,425,269,279,13.16102261582782,313.0,323.0,35.14413504115999,171,25,69.0,0.1132241620079586,0.30234468518764007,0.8867758379920414,candidate_test_05_brachial,brachial,1,1,4.725333333333333,142,4.733333333333333,,False,True,above,0.17543409679653227,20.392220835021014,6.165479588641263,241,5,2.970666666666667,35.818666666666665,32.848,0.899945205479452,standard_20cm_s_scale,375.0,145.0,2.308892115526488,complete_morphology_candidate
1,True,ok,72,82,116.31480876103137,243,253,97,107,12.824556450414292,141.0,151.0,35.14413504115999,171,25,69.0,0.11025729730392565,0.3021466949523476,0.8897427026960744,candidate_test_05_brachial,brachial,1,2,5.781333333333333,173,5.766666666666667,,False,True,above,0.17543409679653227,20.405583419052917,6.165479588641263,242,5,2.970666666666667,35.818666666666665,32.848,0.899945205479452,standard_20cm_s_scale,375.0,145.0,2.2498644776945733,complete_morphology_candidate
2,True,ok,243,253,116.28640287119121,394,404,268,278,15.725858123569452,312.0,322.0,27.407766990290845,151,25,69.0,0.1352338513814789,0.2356919322773277,0.8647661486185211,candidate_test_05_brachial,brachial,1,2,5.781333333333333,173,5.766666666666667,,False,True,above,0.17543409679653227,20.40060005742511,4.808256847151486,242,5,2.970666666666667,35.818666666666665,32.848,0.899945205479452,standard_20cm_s_scale,375.0,145.0,2.7588517162588166,complete_morphology_candidate
1,True,ok,81,91,116.20684690449372,232,242,106,116,15.236242780864872,150.0,160.0,27.407766990290845,151,25,69.0,0.13111312445631537,0.23585328851419846,0.8688868755436846,candidate_test_05_brachial,brachial,1,3,6.72,202,6.733333333333333,,False,True,above,0.17543409679653227,20.386643228262756,4.808256847151486,243,5,2.970666666666667,35.818666666666665,32.848,0.899945205479452,standard_20cm_s_scale,375.0,145.0,2.672956490833714,complete_morphology_candidate
3,True,ok,345,355,136.76985943118495,508,518,371,381,13.69625694671426,414.0,424.0,24.29326690038436,163,26,69.0,0.10014090095344041,0.17762149498009386,0.8998590990465596,candidate_test_05_brachial,brachial,1,3,6.72,202,6.733333333333333,,False,True,above,0.17543409679653227,23.994096758298614,4.261867336906024,243,5,2.970666666666667,35.818666666666665,32.848,0.899945205479452,standard_20cm_s_scale,375.0,145.0,2.402790466940047,complete_morphology_candidate
2,True,ok,245,255,137.54756456358115,408,418,271,281,13.781644328211481,314.0,324.0,24.310842323199267,163,26,69.0,0.10019548053750481,0.1767449856370348,0.8998045194624952,candidate_test_05_brachial,brachial,1,4,7.317333333333333,220,7.333333333333333,,False,True,above,0.17543409679653227,24.130532755774567,4.264950665333374,244,5,2.970666666666667,35.818666666666665,32.848,0.899945205479452,standard_20cm_s_scale,375.0,145.0,2.417770325090833,complete_morphology_candidate
3,True,ok,408,418,124.42001248179572,510,520,432,442,14.919254658384705,477.0,487.0,35.12727272727223,102,24,69.0,0.11991040959401597,0.282328156271579,0.880089590405984,candidate_test_05_brachial,brachial,1,4,7.317333333333333,220,7.333333333333333,,False,True,above,0.17543409679653227,21.827512513157103,6.162521363834464,244,5,2.970666666666667,35.818666666666665,32.848,0.899945205479452,standard_20cm_s_scale,375.0,145.0,2.6173459658711775,complete_morphology_candidate
2,True,ok,123,133,136.84766263484627,286,296,149,159,13.245701209545258,192.0,202.0,24.244558172041764,163,26,69.0,0.09679157798178156,0.17716457632699265,0.9032084220182184,candidate_test_05_brachial,brachial,1,5,8.053333333333333,242,8.066666666666666,,False,True,above,0.17543409679653227,24.007746093060813,4.253322165143132,245,5,2.970666666666667,35.818666666666665,32.848,0.899945205479452,standard_20cm_s_scale,375.0,145.0,2.323747628133307,complete_morphology_candidate
3,True,ok,286,296,124.3769205622736,388,398,310,320,14.988885256619422,355.0,365.0,35.12727272727223,102,24,69.0,0.12051178939676932,0.2824259723465701,0.8794882106032307,candidate_test_05_brachial,brachial,1,5,8.053333333333333,242,8.066666666666666,,False,True,above,0.17543409679653227,21.81995272117651,6.162521363834464,245,5,2.970666666666667,35.818666666666665,32.848,0.899945205479452,standard_20cm_s_scale,375.0,145.0,2.629561546981887,complete_morphology_candidate
1,True,ok,29,39,136.86891140895546,192,202,55,65,13.806489048708375,98.0,108.0,24.29326690038436,163,26,69.0,0.10087381353867482,0.17749295037349752,0.8991261864613252,candidate_test_05_brachial,brachial,1,6,8.645333333333333,259,8.633333333333333,,False,True,above,0.17543409679653227,24.01147385255469,4.261867336906024,246,5,2.970666666666667,35.818666666666665,32.848,0.899945205479452,standard_20cm_s_scale,375.0,145.0,2.422128936191368,complete_morphology_candidate
2,True,ok,192,202,125.63282712710462,294,304,216,226,14.919254658384705,261.0,271.0,35.12727272727223,102,24,69.0,0.1187528371330104,0.27960266063051686,0.8812471628669897,candidate_test_05_brachial,brachial,1,6,8.645333333333333,259,8.633333333333333,,False,True,above,0.17543409679653227,22.040281555038476,6.162521363834464,246,5,2.970666666666667,35.818666666666665,32.848,0.899945205479452,standard_20cm_s_scale,375.0,145.0,2.6173459658711775,complete_morphology_candidate
3,True,ok,294,304,130.56914024190723,404,414,339,349,14.630429146328854,363.0,373.0,18.655172413792833,110,45,69.0,0.11205120229192639,0.14287581567306135,0.8879487977080737,candidate_test_05_brachial,brachial,1,6,8.645333333333333,259,8.633333333333333,,False,True,above,0.17543409679653227,22.906279187838752,3.2727533229973305,246,5,2.970666666666667,35.818666666666665,32.848,0.899945205479452,standard_20cm_s_scale,375.0,145.0,2.566676123031863,complete_morphology_candidate
1,True,ok,58,68,124.4559719456728,160,170,82,92,15.443500054483641,127.0,137.0,35.12727272727223,102,24,69.0,0.12408805952055879,0.28224658229020855,0.8759119404794412,candidate_test_05_brachial,brachial,1,7,9.424,283,9.433333333333334,,False,True,above,0.17543409679653227,21.833821029223667,6.162521363834464,247,5,2.970666666666667,35.818666666666665,32.848,0.899945205479452,standard_20cm_s_scale,375.0,145.0,2.7093164834355346,complete_morphology_candidate
2,True,ok,160,170,130.0627656096745,270,280,205,215,14.630429146328854,229.0,239.0,18.655172413792833,110,45,69.0,0.11248745232925136,0.14343207547791217,0.8875125476707486,candidate_test_05_brachial,brachial,1,7,9.424,283,9.433333333333334,,False,True,above,0.17543409679653227,22.817443811592323,3.2727533229973305,247,5,2.970666666666667,35.818666666666665,32.848,0.899945205479452,standard_20cm_s_scale,375.0,145.0,2.566676123031863,complete_morphology_candidate
4,True,ok,379,389,129.43314808760854,512,522,402,412,13.928326250408304,411.0,421.0,25.739999521603202,133,23,32.0,0.10761019457690028,0.19886713644777257,0.8923898054230998,candidate_test_05_brachial,brachial,1,7,9.424,283,9.433333333333334,,False,True,above,0.17543409679653227,22.706987430281412,4.5156735676156305,247,5,2.970666666666667,35.818666666666665,32.848,0.899945205479452,standard_20cm_s_scale,375.0,145.0,2.443503335627812,complete_morphology_candidate
1,True,ok,72,82,130.8715266426918,182,192,117,127,14.630429146328854,141.0,151.0,18.655172413792833,110,45,69.0,0.11179230136340626,0.14254569265265452,0.8882076986365938,candidate_test_05_brachial,brachial,1,8,9.957333333333333,299,9.966666666666667,,False,True,above,0.17543409679653227,22.959328072943947,3.2727533229973305,248,5,2.970666666666667,35.818666666666665,32.848,0.899945205479452,standard_20cm_s_scale,375.0,145.0,2.566676123031863,complete_morphology_candidate
3,True,ok,291,301,129.21967963386547,424,434,314,324,13.928326250408304,323.0,333.0,25.739999521603202,133,23,32.0,0.10778796457221686,0.1991956611758798,0.8922120354277832,candidate_test_05_brachial,brachial,1,8,9.957333333333333,299,9.966666666666667,,False,True,above,0.17543409679653227,22.669537784904445,4.5156735676156305,248,5,2.970666666666667,35.818666666666665,32.848,0.899945205479452,standard_20cm_s_scale,375.0,145.0,2.443503335627812,complete_morphology_candidate
3,True,ok,319,329,140.52762340633996,502,512,344,354,13.899640405360929,356.0,366.0,24.34326865757709,183,25,37.0,0.09891037838994608,0.1732276407122305,0.9010896216100539,candidate_test_05_brachial,brachial,1,13,13.589333333333334,408,13.6,,False,True,above,0.17543409679653227,24.653336687254477,4.27063935001737,253,5,2.970666666666667,35.818666666666665,32.848,0.899945205479452,standard_20cm_s_scale,375.0,145.0,2.4384708603110803,complete_morphology_candidate
2,True,ok,197,207,141.07159202353512,380,390,222,232,14.154952598888217,233.0,243.0,24.024565890429045,183,25,36.0,0.10033878824112746,0.17030052291761905,0.8996612117588726,candidate_test_05_brachial,brachial,1,14,14.336,430,14.333333333333334,,False,True,above,0.17543409679653227,24.74876733029777,4.214728017916197,254,5,2.970666666666667,35.818666666666665,32.848,0.899945205479452,standard_20cm_s_scale,375.0,145.0,2.4832613243836814,complete_morphology_candidate
3,True,ok,380,390,131.5739727390291,506,516,405,415,13.089653481529627,449.0,459.0,26.43243243243205,126,25,69.0,0.09948512771209204,0.20089408172587112,0.9005148722879079,candidate_test_05_brachial,brachial,1,14,14.336,430,14.333333333333334,,False,True,above,0.17543409679653227,23.08256106940313,4.637149909919083,254,5,2.970666666666667,35.818666666666665,32.848,0.899945205479452,standard_20cm_s_scale,375.0,145.0,2.2963715359117343,complete_morphology_candidate
1,True,ok,102,112,141.07159202353512,285,295,127,137,13.751552795030756,138.0,148.0,24.109887891082856,183,25,36.0,0.09747924864090689,0.170905336398703,0.902520751359093,candidate_test_05_brachial,brachial,1,15,14.885333333333334,447,14.9,,False,True,above,0.17543409679653227,24.74876733029777,4.229696406037771,255,5,2.970666666666667,35.818666666666665,32.848,0.899945205479452,standard_20cm_s_scale,375.0,145.0,2.4124912441460493,complete_morphology_candidate
2,True,ok,285,295,131.41280896001635,411,421,310,320,12.968372016998728,354.0,364.0,26.43243243243205,126,25,69.0,0.09868423116154898,0.2011404568672935,0.901315768838451,candidate_test_05_brachial,brachial,1,15,14.885333333333334,447,14.9,,False,True,above,0.17543409679653227,23.054287447395712,4.637149909919083,255,5,2.970666666666667,35.818666666666665,32.848,0.899945205479452,standard_20cm_s_scale,375.0,145.0,2.2750946317235954,complete_morphology_candidate
1,True,ok,19,29,141.29029094475118,202,212,44,54,14.154952598888217,55.0,65.0,24.024565890429045,183,25,36.0,0.10018347689880004,0.17003691994535836,0.8998165231012,candidate_test_05_brachial,brachial,1,16,15.392,462,15.4,,False,True,above,0.17543409679653227,24.787134578011685,4.214728017916197,256,5,2.970666666666667,35.818666666666665,32.848,0.899945205479452,standard_20cm_s_scale,375.0,145.0,2.4832613243836814,complete_morphology_candidate
2,True,ok,202,212,131.5739727390291,328,338,227,237,13.02296502124849,271.0,281.0,26.43243243243205,126,25,69.0,0.09897827625132928,0.20089408172587112,0.9010217237486707,candidate_test_05_brachial,brachial,1,16,15.392,462,15.4,,False,True,above,0.17543409679653227,23.08256106940313,4.637149909919083,256,5,2.970666666666667,35.818666666666665,32.848,0.899945205479452,standard_20cm_s_scale,375.0,145.0,2.2846721061155617,complete_morphology_candidate
1,True,ok,52,62,131.3586139261178,178,188,77,87,13.092595619483205,121.0,131.0,26.43243243243205,126,25,69.0,0.0996706285805291,0.20122344201423198,0.9003293714194709,candidate_test_05_brachial,brachial,1,17,16.288,489,16.3,,False,True,above,0.17543409679653227,23.044779790572864,4.637149909919083,257,5,2.970666666666667,35.818666666666665,32.848,0.899945205479452,standard_20cm_s_scale,375.0,145.0,2.296887687226271,complete_morphology_candidate
3,True,ok,386,396,142.2018306636137,500,510,436,446,14.052113041223517,455.0,465.0,22.10344827586177,114,50,69.0,0.09881808817542279,0.155437156981113,0.9011819118245772,candidate_test_05_brachial,brachial,1,18,16.986666666666668,510,17.0,,False,True,above,0.17543409679653227,24.947049725284494,3.877698484364678,258,5,2.970666666666667,35.818666666666665,32.848,0.899945205479452,standard_20cm_s_scale,375.0,145.0,2.46521975946982,complete_morphology_candidate
2,True,ok,286,296,142.1743707093803,400,410,336,346,14.052113041223517,355.0,365.0,22.10344827586177,114,50,69.0,0.09883717417640306,0.15546717854685352,0.901162825823597,candidate_test_05_brachial,brachial,1,19,17.616,528,17.6,,False,True,above,0.17543409679653227,24.942232313015484,3.877698484364678,259,5,2.970666666666667,35.818666666666665,32.848,0.899945205479452,standard_20cm_s_scale,375.0,145.0,2.46521975946982,complete_morphology_candidate
3,True,ok,400,410,135.82960399499305,504,514,449,459,13.94289850624764,469.0,479.0,19.36734693877523,104,49,69.0,0.10264992384695168,0.14258560997858133,0.8973500761530483,candidate_test_05_brachial,brachial,1,19,17.616,528,17.6,,False,True,above,0.17543409679653227,23.82914389509226,3.3976930175491167,259,5,2.970666666666667,35.818666666666665,32.848,0.899945205479452,standard_20cm_s_scale,375.0,145.0,2.446059806169274,complete_morphology_candidate
2,True,ok,192,202,142.20477280156726,306,316,242,252,14.052113041223517,261.0,271.0,22.10344827586177,114,50,69.0,0.09881604368393355,0.15543394107246283,0.9011839563160664,candidate_test_05_brachial,brachial,1,20,18.154666666666667,545,18.166666666666668,,False,True,above,0.17543409679653227,24.94756587659903,3.877698484364678,260,5,2.970666666666667,35.818666666666665,32.848,0.899945205479452,standard_20cm_s_scale,375.0,145.0,2.46521975946982,complete_morphology_candidate
3,True,ok,306,316,136.73316725095904,410,420,355,365,13.940903723372086,375.0,385.0,18.877551020407893,104,49,69.0,0.1019570013893195,0.1380612429298897,0.8980429986106805,candidate_test_05_brachial,brachial,1,20,18.154666666666667,545,18.166666666666668,,False,True,above,0.17543409679653227,23.987659698801185,3.3117661129957146,260,5,2.970666666666667,35.818666666666665,32.848,0.899945205479452,standard_20cm_s_scale,375.0,145.0,2.4457098532371955,complete_morphology_candidate
1,True,ok,92,102,142.25302386400597,206,216,142,152,14.180045315687787,161.0,171.0,22.10344827586177,114,50,69.0,0.09968185512347298,0.15538121915069228,0.9003181448765271,candidate_test_05_brachial,brachial,1,21,18.778666666666666,563,18.766666666666666,,False,True,above,0.17543409679653227,24.95603075815744,3.877698484364678,261,5,2.970666666666667,35.818666666666665,32.848,0.899945205479452,standard_20cm_s_scale,375.0,145.0,2.487663442491585,complete_morphology_candidate
2,True,ok,206,216,135.81881615582992,310,320,254,264,14.013343029267695,275.0,285.0,19.36734693877523,104,48,69.0,0.10317674255965882,0.14259693529175194,0.8968232574403411,candidate_test_05_brachial,brachial,1,21,18.778666666666666,563,18.766666666666666,,False,True,above,0.17543409679653227,23.827251340272287,3.3976930175491167,261,5,2.970666666666667,35.818666666666665,32.848,0.899945205479452,standard_20cm_s_scale,375.0,145.0,2.4584181774395595,complete_morphology_candidate
3,True,ok,310,320,139.50179797319188,410,420,337,347,13.452388735814422,379.0,389.0,34.15999999999953,100,27,69.0,0.09643165128523701,0.24487139589816662,0.903568348714763,candidate_test_05_brachial,brachial,1,21,18.778666666666666,563,18.766666666666666,,False,True,above,0.17543409679653227,24.473371928919235,5.99282874656946,261,5,2.970666666666667,35.818666666666665,32.848,0.899945205479452,standard_20cm_s_scale,375.0,145.0,2.3600076676234476,complete_morphology_candidate
1,True,ok,89,99,136.75801197145594,193,203,138,148,13.810468940763386,158.0,168.0,18.877551020407893,104,49,69.0,0.10098471556932181,0.13803616145244935,0.8990152844306782,candidate_test_05_brachial,brachial,1,22,19.477333333333334,584,19.466666666666665,,False,True,above,0.17543409679653227,23.99201830990172,3.3117661129957146,262,5,2.970666666666667,35.818666666666665,32.848,0.899945205479452,standard_20cm_s_scale,375.0,145.0,2.422827144959386,complete_morphology_candidate
1,True,ok,43,53,116.16966328865472,202,212,107,117,9.890983497390808,112.0,122.0,19.760827188744877,159,64,69.0,0.08514256835550951,0.1701031631609691,0.9148574316444905,candidate_test_05_brachial,brachial,1,24,20.96,629,20.966666666666665,,False,True,above,0.17543409679653227,20.380119954202414,3.466722869809815,264,5,2.970666666666667,35.818666666666665,32.848,0.899945205479452,standard_20cm_s_scale,375.0,145.0,1.7352157562941624,complete_morphology_candidate
2,True,ok,203,213,114.65526464382134,362,372,257,267,11.021248774108955,263.0,273.0,11.999999999999812,159,54,60.0,0.0961250999537323,0.10466156994428498,0.9038749000462677,candidate_test_05_brachial,brachial,1,30,24.645333333333333,739,24.633333333333333,,False,True,below,0.17543409679653227,20.114442795756176,2.105209161558354,270,5,2.970666666666667,35.818666666666665,32.848,0.899945205479452,standard_20cm_s_scale,375.0,145.0,1.9335028242556929,complete_morphology_candidate
1,True,ok,115,125,114.9251983714209,272,282,168,178,11.021248774108955,184.0,194.0,12.259561948348995,157,53,69.0,0.09589932347551788,0.10667427267541398,0.9041006765244821,candidate_test_05_brachial,brachial,1,31,25.168,755,25.166666666666668,,False,True,below,0.17543409679653227,20.161798375452527,2.1507451775297413,271,5,2.970666666666667,35.818666666666665,32.848,0.899945205479452,standard_20cm_s_scale,375.0,145.0,1.9335028242556929,complete_morphology_candidate
3,True,ok,366,376,81.90519777705016,469,479,399,409,12.005230467472863,421.0,431.0,36.6194834913365,103,33,55.0,0.14657470823953897,0.44709596564330967,0.8534252917604611,candidate_test_05_brachial,brachial,1,33,26.581333333333333,797,26.566666666666666,,False,True,below,0.17543409679653227,14.368964394958137,6.424306011458143,273,5,2.970666666666667,35.818666666666665,32.848,0.899945205479452,standard_20cm_s_scale,375.0,145.0,2.1061267638953125,complete_morphology_candidate
2,True,ok,221,231,82.24681268388244,324,334,254,264,12.005230467472863,276.0,286.0,35.91238966982622,103,33,55.0,0.145965905251736,0.43664171896674386,0.8540340947482639,candidate_test_05_brachial,brachial,1,34,27.450666666666667,824,27.466666666666665,,False,True,below,0.17543409679653227,14.42889529759049,6.300257645531079,274,5,2.970666666666667,35.818666666666665,32.848,0.899945205479452,standard_20cm_s_scale,375.0,145.0,2.1061267638953125,complete_morphology_candidate
3,True,ok,324,334,142.16508662961553,424,434,382,392,9.358205295848084,393.0,403.0,11.749999999999831,100,58,69.0,0.06582632570139484,0.08265039102471236,0.9341736742986052,candidate_test_05_brachial,brachial,1,34,27.450666666666667,824,27.466666666666665,,False,True,below,0.17543409679653227,24.940603568867367,2.0613506373592245,274,5,2.970666666666667,35.818666666666665,32.848,0.899945205479452,standard_20cm_s_scale,375.0,145.0,1.6417482937136336,complete_morphology_candidate
2,True,ok,138,148,81.24877410918485,241,251,171,181,12.005230467472863,193.0,203.0,36.6194834913365,103,33,55.0,0.14775891204635075,0.45070813551138633,0.8522410879536494,candidate_test_05_brachial,brachial,1,35,27.978666666666665,839,27.966666666666665,,False,True,below,0.17543409679653227,14.25380530167032,6.424306011458143,275,5,2.970666666666667,35.818666666666665,32.848,0.899945205479452,standard_20cm_s_scale,375.0,145.0,2.1061267638953125,complete_morphology_candidate
3,True,ok,241,251,141.99509643674202,341,351,299,309,9.262749264465281,310.0,320.0,11.749999999999831,100,58,69.0,0.06523288125369725,0.08274933638454471,0.9347671187463028,candidate_test_05_brachial,brachial,1,35,27.978666666666665,839,27.966666666666665,,False,True,below,0.17543409679653227,24.910781492916332,2.0613506373592245,275,5,2.970666666666667,35.818666666666665,32.848,0.899945205479452,standard_20cm_s_scale,375.0,145.0,1.6250020510642103,complete_morphology_candidate
2,True,ok,152,162,142.45210853219805,252,262,210,220,9.358205295848084,221.0,231.0,11.749999999999831,100,58,69.0,0.06569369447931249,0.08248386156631729,0.9343063055206875,candidate_test_05_brachial,brachial,1,36,28.496,855,28.5,,False,True,below,0.17543409679653227,24.990956997107755,2.0613506373592245,276,5,2.970666666666667,35.818666666666665,32.848,0.899945205479452,standard_20cm_s_scale,375.0,145.0,1.6417482937136336,complete_morphology_candidate
4,True,ok,395,405,141.76103301732385,516,526,454,464,11.300098071264909,464.0,474.0,16.759999999999792,121,59,69.0,0.07971230055782667,0.11822712943938299,0.9202876994421734,candidate_test_05_brachial,brachial,1,36,28.496,855,28.5,,False,True,below,0.17543409679653227,24.8697187883376,2.9402754623098444,276,5,2.970666666666667,35.818666666666665,32.848,0.899945205479452,standard_20cm_s_scale,375.0,145.0,1.9824224988445955,complete_morphology_candidate
1,True,ok,41,51,141.99509643674202,141,151,99,109,9.262749264465281,110.0,120.0,11.749999999999831,100,58,69.0,0.06523288125369725,0.08274933638454471,0.9347671187463028,candidate_test_05_brachial,brachial,1,37,29.152,875,29.166666666666668,,False,True,below,0.17543409679653227,24.910781492916332,2.0613506373592245,277,5,2.970666666666667,35.818666666666665,32.848,0.899945205479452,standard_20cm_s_scale,375.0,145.0,1.6250020510642103,complete_morphology_candidate
2,True,ok,287,297,129.4344557044768,393,403,351,361,10.890214667102398,356.0,366.0,13.907377138498303,106,64,69.0,0.08413690626525913,0.10744725631829798,0.9158630937347408,candidate_test_05_brachial,brachial,1,38,30.197333333333333,906,30.2,,False,True,below,0.17543409679653227,22.70721683086565,2.439828147101191,278,5,2.970666666666667,35.818666666666665,32.848,0.899945205479452,standard_20cm_s_scale,375.0,145.0,1.9105149740434577,complete_morphology_candidate
2,True,ok,198,208,129.52566198103776,304,314,258,268,13.003269042170405,267.0,277.0,15.709533029899015,106,60,69.0,0.10039145018285298,0.12128510126587003,0.8996085498171471,candidate_test_05_brachial,brachial,1,39,30.730666666666668,922,30.733333333333334,,False,True,below,0.17543409679653227,22.7232175216163,2.755987738195625,279,5,2.970666666666667,35.818666666666665,32.848,0.899945205479452,standard_20cm_s_scale,375.0,145.0,2.2812167598154742,complete_morphology_candidate
1,True,ok,37,47,129.52566198103776,143,153,97,107,13.059169663288419,106.0,116.0,15.709533029899015,106,60,69.0,0.10082302968812658,0.12128510126587003,0.8991769703118735,candidate_test_05_brachial,brachial,1,40,31.696,951,31.7,,False,True,below,0.17543409679653227,22.7232175216163,2.755987738195625,280,5,2.970666666666667,35.818666666666665,32.848,0.899945205479452,standard_20cm_s_scale,375.0,145.0,2.2910236347916784,complete_morphology_candidate
3,True,ok,416,426,130.50212487740905,517,527,472,482,14.922523700555445,478.0,488.0,15.999999999999753,101,56,62.0,0.11434697875282376,0.1226033676848543,0.8856530212471763,candidate_test_05_brachial,brachial,1,42,33.29066666666667,999,33.3,,False,True,below,0.17543409679653227,22.89452240789652,2.8069455487444728,282,5,2.970666666666667,35.818666666666665,32.848,0.899945205479452,standard_20cm_s_scale,375.0,145.0,2.6179194673317907,complete_morphology_candidate
2,True,ok,244,254,131.47531873160978,345,355,300,310,14.925465838509023,306.0,316.0,15.999999999999753,101,56,62.0,0.11352294850851416,0.12169584492631448,0.8864770514914858,candidate_test_05_brachial,brachial,1,43,34.32,1030,34.333333333333336,,False,True,below,0.17543409679653227,23.065253792716163,2.8069455487444728,283,5,2.970666666666667,35.818666666666665,32.848,0.899945205479452,standard_20cm_s_scale,375.0,145.0,2.618435618646328,complete_morphology_candidate
1,True,ok,31,41,100.9991154356465,138,148,87,97,15.08205295848288,100.0,110.0,16.166721150702653,107,56,69.0,0.14932856484364654,0.16006794793171814,0.8506714351563535,candidate_test_05_brachial,brachial,1,44,34.95466666666667,1049,34.96666666666667,,False,True,below,0.17543409679653227,17.718688593701344,2.8361941232349146,284,5,2.970666666666667,35.818666666666665,32.848,0.899945205479452,standard_20cm_s_scale,375.0,145.0,2.6459063386089112,complete_morphology_candidate
2,True,ok,138,148,125.48120300751705,239,249,194,204,14.922523700555445,200.0,210.0,15.999999999999753,101,56,62.0,0.11892238313703048,0.12750913775540756,0.8810776168629695,candidate_test_05_brachial,brachial,1,44,34.95466666666667,1049,34.96666666666667,,False,True,below,0.17543409679653227,22.013681514566063,2.8069455487444728,284,5,2.970666666666667,35.818666666666665,32.848,0.899945205479452,standard_20cm_s_scale,375.0,145.0,2.6179194673317907,complete_morphology_candidate
1,True,ok,229,239,89.26217718208441,396,406,271,281,15.707311757654768,284.0,294.0,28.89571755475603,167,42,55.0,0.17596827966243403,0.3237173735501896,0.824031720337566,candidate_test_08_brachial,brachial,1,18,17.781333333333333,533,17.766666666666666,,False,True,below,0.17543409679653227,15.65962943203101,5.069294110506326,303,8,0.9866666666666668,43.95733333333333,42.970666666666666,0.9766060606060606,standard_20cm_s_scale,375.0,145.0,2.755598051305716,complete_morphology_candidate
1,True,ok,95,105,90.87871853546778,262,272,137,147,15.685409175111452,149.0,159.0,28.89212160836833,167,42,54.0,0.17259716496761354,0.3179195533780819,0.8274028350323863,candidate_test_08_brachial,brachial,1,19,18.565333333333335,557,18.566666666666666,,False,True,below,0.17543409679653227,15.943225904296066,5.068663258899671,304,8,0.9866666666666668,43.95733333333333,42.970666666666666,0.9766060606060606,standard_20cm_s_scale,375.0,145.0,2.751755591519718,complete_morphology_candidate
2,True,ok,262,272,92.92546583850798,426,436,301,311,17.418437397842162,317.0,327.0,33.09382151029698,164,39,55.0,0.18744525239306387,0.356132963248305,0.812554747606936,candidate_test_08_brachial,brachial,1,19,18.565333333333335,557,18.566666666666666,,False,True,below,0.17543409679653227,16.30229516877566,5.8057846862046025,304,8,0.9866666666666668,43.95733333333333,42.970666666666666,0.9766060606060606,standard_20cm_s_scale,375.0,145.0,3.0557878324973795,complete_morphology_candidate
1,True,ok,96,106,92.51160509970445,260,270,135,145,17.499836547891192,151.0,161.0,33.01242236024795,164,39,55.0,0.18916368956122565,0.3568462824168794,0.8108363104387744,candidate_test_08_brachial,brachial,1,20,19.578666666666667,587,19.566666666666666,,False,True,below,0.17543409679653227,16.22968988386412,5.791504499835746,305,8,0.9866666666666668,43.95733333333333,42.970666666666666,0.9766060606060606,standard_20cm_s_scale,375.0,145.0,3.0700680188662366,complete_morphology_candidate
2,True,ok,260,270,99.82281791434963,421,431,301,311,19.242236024844416,313.0,323.0,31.028440666884148,161,41,53.0,0.1927639033527857,0.3108351508720911,0.8072360966472143,candidate_test_08_brachial,brachial,1,20,19.578666666666667,587,19.566666666666666,,False,True,below,0.17543409679653227,17.512325900488626,5.443446463399612,305,8,0.9866666666666668,43.95733333333333,42.970666666666666,0.9766060606060606,standard_20cm_s_scale,375.0,145.0,3.3757442973642755,complete_morphology_candidate
1,True,ok,104,114,100.41059169663139,265,275,145,155,19.242236024844416,157.0,167.0,31.2271984308593,161,41,53.0,0.1916355207126019,0.3109950643972445,0.8083644792873981,candidate_test_08_brachial,brachial,1,21,20.496,615,20.5,,False,True,below,0.17543409679653227,17.61544146310391,5.478315352203891,306,8,0.9866666666666668,43.95733333333333,42.970666666666666,0.9766060606060606,standard_20cm_s_scale,375.0,145.0,3.3757442973642755,complete_morphology_candidate
2,True,ok,265,275,132.34357633213276,426,436,307,317,21.767898005883946,322.0,332.0,37.543314808760485,161,42,57.0,0.16448020077117068,0.28368067305768463,0.8355197992288294,candidate_test_08_brachial,brachial,1,21,20.496,615,20.5,,False,True,below,0.17543409679653227,23.217575780650634,6.586377524222771,306,8,0.9866666666666668,43.95733333333333,42.970666666666666,0.9766060606060606,standard_20cm_s_scale,375.0,145.0,3.818831525821286,complete_morphology_candidate
1,True,ok,104,114,132.55966001961232,265,275,146,156,21.66198103955508,161.0,171.0,36.58319712324236,161,42,57.0,0.1634130702836004,0.27597533908754623,0.8365869297163996,candidate_test_08_brachial,brachial,1,22,21.450666666666667,644,21.466666666666665,,False,True,below,0.17543409679653227,23.255484227196078,6.41794014524552,307,8,0.9866666666666668,43.95733333333333,42.970666666666666,0.9766060606060606,standard_20cm_s_scale,375.0,145.0,3.8002500784979527,complete_morphology_candidate
2,True,ok,265,275,117.11082052958307,418,428,306,316,26.332788492971154,332.0,342.0,38.9199084668186,153,41,67.0,0.2248535905896014,0.33233400885434955,0.7751464094103986,candidate_test_08_brachial,brachial,1,22,21.450666666666667,644,21.466666666666665,,False,True,below,0.17543409679653227,20.545231024708194,6.82787898928003,307,8,0.9866666666666668,43.95733333333333,42.970666666666666,0.9766060606060606,standard_20cm_s_scale,375.0,145.0,4.619668965398513,complete_morphology_candidate
1,True,ok,108,118,116.77476299444095,262,272,148,158,26.293886891140463,176.0,186.0,38.52729650212426,154,40,68.0,0.2251675466247119,0.3299282782869647,0.7748324533752882,candidate_test_08_brachial,brachial,1,23,22.416,672,22.4,,False,True,below,0.17543409679653227,20.48627507455887,6.759001463862366,308,8,0.9866666666666668,43.95733333333333,42.970666666666666,0.9766060606060606,standard_20cm_s_scale,375.0,145.0,4.612844298017407,complete_morphology_candidate
2,True,ok,262,272,115.34847989538889,418,428,303,313,29.561948349133214,325.0,335.0,38.2654462242557,156,41,63.0,0.2562838138477711,0.33173775899742375,0.7437161861522289,candidate_test_08_brachial,brachial,1,23,22.416,672,22.4,,False,True,below,0.17543409679653227,20.23605638730051,6.713063996868574,308,8,0.9866666666666668,43.95733333333333,42.970666666666666,0.9766060606060606,standard_20cm_s_scale,375.0,145.0,5.186173708175923,complete_morphology_candidate
1,True,ok,107,117,115.0454396861702,263,273,149,159,29.511278195488238,169.0,179.0,39.55900621117951,156,42,62.0,0.25651845284777364,0.34385549152657946,0.7434815471522263,candidate_test_08_brachial,brachial,1,24,23.349333333333334,700,23.333333333333332,,False,True,below,0.17543409679653227,20.182892801903197,6.939998524826687,309,8,0.9866666666666668,43.95733333333333,42.970666666666666,0.9766060606060606,standard_20cm_s_scale,375.0,145.0,5.177284435536675,complete_morphology_candidate
2,True,ok,263,273,108.89081399149886,426,436,307,317,28.566198103955077,325.0,335.0,42.81693363844328,163,44,62.0,0.26233799764032667,0.3932097857380882,0.7376620023596734,candidate_test_08_brachial,brachial,1,24,23.349333333333334,700,23.333333333333332,,False,True,below,0.17543409679653227,19.1031616020378,7.511550080457357,309,8,0.9866666666666668,43.95733333333333,42.970666666666666,0.9766060606060606,standard_20cm_s_scale,375.0,145.0,5.011485163278172,complete_morphology_candidate
1,True,ok,107,117,109.77705132396046,270,280,152,162,28.768551814317952,169.0,179.0,42.90977443608957,163,45,62.0,0.26206344101391243,0.39088109872307963,0.7379365589860876,candidate_test_08_brachial,brachial,1,25,24.282666666666668,728,24.266666666666666,,False,True,below,0.17543409679653227,19.25863784800557,7.527837521938303,310,8,0.9866666666666668,43.95733333333333,42.970666666666666,0.9766060606060606,standard_20cm_s_scale,375.0,145.0,5.0469849036891095,complete_morphology_candidate
2,True,ok,270,280,110.30663615560478,429,439,313,323,33.802549852892554,333.0,343.0,44.9349460608035,159,43,63.0,0.30644167051933996,0.40736394134452364,0.69355832948066,candidate_test_08_brachial,brachial,1,25,24.282666666666668,728,24.266666666666666,,False,True,below,0.17543409679653227,19.351545084622234,7.883121676777957,310,8,0.9866666666666668,43.95733333333333,42.970666666666666,0.9766060606060606,standard_20cm_s_scale,375.0,145.0,5.9301198028619595,complete_morphology_candidate
1,True,ok,104,114,110.30663615560478,263,273,147,157,33.802549852892554,167.0,177.0,44.9349460608035,159,43,63.0,0.30644167051933996,0.40736394134452364,0.69355832948066,candidate_test_08_brachial,brachial,1,26,25.253333333333334,758,25.266666666666666,,False,True,below,0.17543409679653227,19.351545084622234,7.883121676777957,311,8,0.9866666666666668,43.95733333333333,42.970666666666666,0.9766060606060606,standard_20cm_s_scale,375.0,145.0,5.9301198028619595,complete_morphology_candidate
2,True,ok,263,273,121.32625040862845,415,425,304,314,32.68257600522992,320.0,330.0,45.080745341614225,152,41,57.0,0.26937761527414356,0.37156629492613236,0.7306223847258564,candidate_test_08_brachial,brachial,1,26,25.253333333333334,758,25.266666666666666,,False,True,below,0.17543409679653227,21.28476115814764,7.908699841920571,311,8,0.9866666666666668,43.95733333333333,42.970666666666666,0.9766060606060606,standard_20cm_s_scale,375.0,145.0,5.733638202461528,complete_morphology_candidate
1,True,ok,85,95,121.37495913697104,237,247,126,136,32.31938542007137,142.0,152.0,45.24975482183652,152,41,57.0,0.2662772094827163,0.3728096400079723,0.7337227905172837,candidate_test_08_brachial,brachial,1,27,26.330666666666666,790,26.333333333333332,,False,True,below,0.17543409679653227,21.293306329910525,7.938349867433421,312,8,0.9866666666666668,43.95733333333333,42.970666666666666,0.9766060606060606,standard_20cm_s_scale,375.0,145.0,5.669922190189235,complete_morphology_candidate
2,True,ok,237,247,127.22915985616027,399,409,284,294,34.21248774109133,301.0,311.0,42.14776070611247,162,47,64.0,0.26890445381994565,0.331274377302836,0.7310955461800543,candidate_test_08_brachial,brachial,1,27,26.330666666666666,790,26.333333333333332,,False,True,below,0.17543409679653227,22.3203327455471,7.3941543314732145,312,8,0.9866666666666668,43.95733333333333,42.970666666666666,0.9766060606060606,standard_20cm_s_scale,375.0,145.0,6.0020368860207896,complete_morphology_candidate
1,True,ok,103,113,127.01797973193666,265,275,150,160,34.10493625367714,167.0,177.0,42.253677672441334,162,47,64.0,0.268504792200706,0.332659027970804,0.731495207799294,candidate_test_08_brachial,brachial,1,28,27.136,814,27.133333333333333,,False,True,below,0.17543409679653227,22.28328455119255,7.412735778796547,313,8,0.9866666666666668,43.95733333333333,42.970666666666666,0.9766060606060606,standard_20cm_s_scale,375.0,145.0,5.983168687967158,complete_morphology_candidate
2,True,ok,265,275,109.75612945406831,421,431,307,317,35.89800588427533,329.0,339.0,44.4334749918267,156,42,64.0,0.3270706252382764,0.404838210064811,0.6729293747617235,candidate_test_08_brachial,brachial,1,28,27.136,814,27.133333333333333,,False,True,below,0.17543409679653227,19.254967438657747,7.795146552722421,313,8,0.9866666666666668,43.95733333333333,42.970666666666666,0.9766060606060606,standard_20cm_s_scale,375.0,145.0,6.297734239104443,complete_morphology_candidate
1,True,ok,77,87,109.8048381824109,233,243,119,129,35.89800588427533,141.0,151.0,44.4334749918267,156,42,64.0,0.3269255387876493,0.40465862640781414,0.6730744612123508,candidate_test_08_brachial,brachial,1,29,28.261333333333333,848,28.266666666666666,,False,True,below,0.17543409679653227,19.263512610420637,7.795146552722421,314,8,0.9866666666666668,43.95733333333333,42.970666666666666,0.9766060606060606,standard_20cm_s_scale,375.0,145.0,6.297734239104443,complete_morphology_candidate
2,True,ok,233,243,120.37201699901749,394,404,276,286,29.956194834912885,292.0,302.0,45.35992154298722,161,43,59.0,0.24886344502441457,0.37683111634955374,0.7511365549755855,candidate_test_08_brachial,brachial,1,29,28.261333333333333,848,28.266666666666666,,False,True,below,0.17543409679653227,21.11735608179946,7.95767686665553,314,8,0.9866666666666668,43.95733333333333,42.970666666666666,0.9766060606060606,standard_20cm_s_scale,375.0,145.0,5.255337984323887,complete_morphology_candidate
1,True,ok,77,87,120.16018306635976,238,248,120,130,29.819875776397033,138.0,148.0,45.42955214122192,161,43,61.0,0.24816769594907062,0.37807492450417585,0.7518323040509295,candidate_test_08_brachial,brachial,1,30,29.194666666666667,876,29.2,,False,True,below,0.17543409679653227,21.080193187152798,7.969892447766236,315,8,0.9866666666666668,43.95733333333333,42.970666666666666,0.9766060606060606,standard_20cm_s_scale,375.0,145.0,5.231422973417005,complete_morphology_candidate
2,True,ok,238,248,123.47106897678798,402,412,283,293,29.024517816279367,299.0,309.0,42.355017979731315,164,45,61.0,0.2350714062557914,0.3430359705373076,0.7649285937442086,candidate_test_08_brachial,brachial,1,30,29.194666666666667,876,29.2,,False,True,below,0.17543409679653227,21.661035466445135,7.430514324075048,315,8,0.9866666666666668,43.95733333333333,42.970666666666666,0.9766060606060606,standard_20cm_s_scale,375.0,145.0,5.0918900680538295,complete_morphology_candidate
1,True,ok,77,87,123.268061457991,240,250,122,132,29.28277214776024,138.0,148.0,42.033344230139946,163,45,61.0,0.2375536031102398,0.34099136250686196,0.7624463968897602,candidate_test_08_brachial,brachial,1,31,30.176,905,30.166666666666668,,False,True,below,0.17543409679653227,21.62542102574208,7.374081780352332,316,8,0.9866666666666668,43.95733333333333,42.970666666666666,0.9766060606060606,standard_20cm_s_scale,375.0,145.0,5.137196683440969,complete_morphology_candidate
2,True,ok,240,250,105.70447858777226,400,410,284,294,31.508336057534628,302.0,312.0,42.96959790781236,160,44,62.0,0.29807948043915206,0.40650688108860333,0.701920519560848,candidate_test_08_brachial,brachial,1,31,30.176,905,30.166666666666668,,False,True,below,0.17543409679653227,18.54416972839421,7.538332598667224,316,8,0.9866666666666668,43.95733333333333,42.970666666666666,0.9766060606060606,standard_20cm_s_scale,375.0,145.0,5.527636477815197,complete_morphology_candidate
1,True,ok,95,105,105.63779012749112,255,265,139,149,31.56423667865264,157.0,167.0,42.81562602157502,160,44,62.0,0.2987968286780583,0.4053059607731486,0.7012031713219418,candidate_test_08_brachial,brachial,1,32,31.04,931,31.033333333333335,,False,True,below,0.17543409679653227,18.53247029859804,7.511320679873118,317,8,0.9866666666666668,43.95733333333333,42.970666666666666,0.9766060606060606,standard_20cm_s_scale,375.0,145.0,5.537443352791402,complete_morphology_candidate
2,True,ok,255,265,98.72997711670337,416,426,296,306,34.71101667211452,308.0,318.0,43.06963059823406,161,41,53.0,0.35157525288479,0.43623661076436576,0.64842474711521,candidate_test_08_brachial,brachial,1,32,31.04,931,31.033333333333335,,False,True,below,0.17543409679653227,17.320604362211153,7.555881743361483,317,8,0.9866666666666668,43.95733333333333,42.970666666666666,0.9766060606060606,standard_20cm_s_scale,375.0,145.0,6.089495858761784,complete_morphology_candidate
1,True,ok,94,104,100.0013076168668,255,265,135,145,34.71101667211452,147.0,157.0,43.072572736187645,161,41,53.0,0.347105627909409,0.43072009519326304,0.6528943720905911,candidate_test_08_brachial,brachial,1,33,32.00533333333333,960,32.0,,False,True,below,0.17543409679653227,17.54363908023721,7.55639789467602,318,8,0.9866666666666668,43.95733333333333,42.970666666666666,0.9766060606060606,standard_20cm_s_scale,375.0,145.0,6.089495858761784,complete_morphology_candidate
2,True,ok,255,265,105.45145472376441,420,430,298,308,35.53448839489972,318.0,328.0,45.66492317750827,165,43,63.0,0.3369748524378745,0.43304213580675505,0.6630251475621256,candidate_test_08_brachial,brachial,1,33,32.00533333333333,960,32.0,,False,True,below,0.17543409679653227,18.499780715344027,8.011184552929196,318,8,0.9866666666666668,43.95733333333333,42.970666666666666,0.9766060606060606,standard_20cm_s_scale,375.0,145.0,6.23396087668609,complete_morphology_candidate
1,True,ok,100,110,105.75220660346366,265,275,142,152,35.62667538411186,167.0,177.0,44.50964367440271,165,42,67.0,0.3368882459133954,0.42088619333778426,0.6631117540866046,candidate_test_08_brachial,brachial,1,34,32.91733333333333,988,32.93333333333333,,False,True,below,0.17543409679653227,18.55254284971892,7.808509136754325,319,8,0.9866666666666668,43.95733333333333,42.970666666666666,0.9766060606060606,standard_20cm_s_scale,375.0,145.0,6.250133617874914,complete_morphology_candidate
2,True,ok,265,275,111.70970905524514,425,435,308,318,36.55475645635771,325.0,335.0,48.02647924158146,160,43,60.0,0.3272298958211398,0.42992215849233256,0.6727701041788602,candidate_test_08_brachial,brachial,1,34,32.91733333333333,988,32.93333333333333,,False,True,below,0.17543409679653227,19.597691911510335,8.42548200806425,319,8,0.9866666666666668,43.95733333333333,42.970666666666666,0.9766060606060606,standard_20cm_s_scale,375.0,145.0,6.412950682538321,complete_morphology_candidate
1,True,ok,93,103,111.61981039555242,253,263,136,146,36.53056554429494,153.0,163.0,48.10003269042095,160,43,60.0,0.3272767209945962,0.43092738215525167,0.6727232790054039,candidate_test_08_brachial,brachial,1,35,33.97866666666667,1019,33.96666666666667,,False,True,below,0.17543409679653227,19.581920621343922,8.438385790927676,320,8,0.9866666666666668,43.95733333333333,42.970666666666666,0.9766060606060606,standard_20cm_s_scale,375.0,145.0,6.408706771729904,complete_morphology_candidate
2,True,ok,253,263,122.85223929388503,426,436,297,307,36.40405361229101,315.0,325.0,45.68126838836151,173,44,62.0,0.2963238913798376,0.3718391186918747,0.7036761086201624,candidate_test_08_brachial,brachial,1,35,33.97866666666667,1019,33.96666666666667,,False,True,below,0.17543409679653227,21.552471639954174,8.014052060232183,320,8,0.9866666666666668,43.95733333333333,42.970666666666666,0.9766060606060606,standard_20cm_s_scale,375.0,145.0,6.386512265204811,complete_morphology_candidate
1,True,ok,80,90,122.85223929388503,253,263,124,134,36.40405361229101,142.0,152.0,45.68126838836151,173,44,62.0,0.2963238913798376,0.3718391186918747,0.7036761086201624,candidate_test_08_brachial,brachial,1,36,35.013333333333335,1050,35.0,,False,True,below,0.17543409679653227,21.552471639954174,8.014052060232183,321,8,0.9866666666666668,43.95733333333333,42.970666666666666,0.9766060606060606,standard_20cm_s_scale,375.0,145.0,6.386512265204811,complete_morphology_candidate
2,True,ok,253,263,123.81824125531035,423,433,294,304,39.223275580254345,310.0,320.0,51.16345210853143,170,41,57.0,0.31678107508712594,0.41321417256310056,0.6832189249128741,candidate_test_08_brachial,brachial,1,36,35.013333333333335,1050,35.0,,False,True,below,0.17543409679653227,21.7219413215605,8.975814009652845,321,8,0.9866666666666668,43.95733333333333,42.970666666666666,0.9766060606060606,standard_20cm_s_scale,375.0,145.0,6.881099924823401,complete_morphology_candidate
1,True,ok,87,97,124.05753514220149,257,267,128,138,39.223275580254345,144.0,154.0,51.59038901601754,170,41,57.0,0.3161700378400594,0.41585856882358524,0.6838299621599405,candidate_test_08_brachial,brachial,1,37,35.99466666666667,1080,36.0,,False,True,below,0.17543409679653227,21.76392162847618,9.050713300406777,322,8,0.9866666666666668,43.95733333333333,42.970666666666666,0.9766060606060606,standard_20cm_s_scale,375.0,145.0,6.881099924823401,complete_morphology_candidate
2,True,ok,257,267,135.01961425302196,418,428,299,309,41.67799934619088,314.0,324.0,56.93592677345452,161,42,57.0,0.30868107257429866,0.421686338599358,0.6913189274257013,candidate_test_08_brachial,brachial,1,37,35.99466666666667,1080,36.0,,False,True,below,0.17543409679653227,23.687044076295102,9.988502888774493,322,8,0.9866666666666668,43.95733333333333,42.970666666666666,0.9766060606060606,standard_20cm_s_scale,375.0,145.0,7.311742171585459,complete_morphology_candidate
1,True,ok,96,106,134.9244851258562,257,267,138,148,41.35632559659953,152.0,162.0,56.89081399149964,161,42,56.0,0.3065146074711552,0.42164929470312573,0.6934853925288448,candidate_test_08_brachial,brachial,1,38,36.986666666666665,1110,37.0,,False,True,below,0.17543409679653227,23.670355183791735,9.980588568618261,323,8,0.9866666666666668,43.95733333333333,42.970666666666666,0.9766060606060606,standard_20cm_s_scale,375.0,145.0,7.255309627862747,complete_morphology_candidate
2,True,ok,257,267,131.88656423667658,420,430,300,310,42.81889506374562,317.0,327.0,56.125858123568946,163,43,60.0,0.3246645730106755,0.4255616062819597,0.6753354269893245,candidate_test_08_brachial,brachial,1,38,36.986666666666665,1110,37.0,,False,True,below,0.17543409679653227,23.13740027645919,9.846389226838632,323,8,0.9866666666666668,43.95733333333333,42.970666666666666,0.9766060606060606,standard_20cm_s_scale,375.0,145.0,7.511894181333707,complete_morphology_candidate
1,True,ok,106,116,131.63942464857595,270,280,150,160,42.799934619155884,167.0,177.0,55.3367113435755,164,44,61.0,0.3251300644424298,0.42036579460372264,0.6748699355575701,candidate_test_08_brachial,brachial,1,39,37.904,1137,37.9,,False,True,below,0.17543409679653227,23.09404356603809,9.70794597425059,324,8,0.9866666666666668,43.95733333333333,42.970666666666666,0.9766060606060606,standard_20cm_s_scale,375.0,145.0,7.508567872862246,complete_morphology_candidate
2,True,ok,270,280,131.09055246812477,430,440,313,323,51.00915331807699,324.0,334.0,58.43510951291184,160,43,54.0,0.3891138785953327,0.4457614100537153,0.6108861214046674,candidate_test_08_brachial,brachial,1,39,37.904,1137,37.9,,False,True,below,0.17543409679653227,22.997752670803894,10.25151065860414,324,8,0.9866666666666668,43.95733333333333,42.970666666666666,0.9766060606060606,standard_20cm_s_scale,375.0,145.0,8.948744740712673,complete_morphology_candidate
1,True,ok,92,102,130.3713631905831,252,262,135,145,51.00915331807699,146.0,156.0,58.43510951291184,160,43,54.0,0.3912604123308074,0.4482204380074526,0.6087395876691927,candidate_test_08_brachial,brachial,1,40,38.976,1169,38.96666666666667,,False,True,below,0.17543409679653227,22.87158234947262,10.25151065860414,325,8,0.9866666666666668,43.95733333333333,42.970666666666666,0.9766060606060606,standard_20cm_s_scale,375.0,145.0,8.948744740712673,complete_morphology_candidate
